Date,Open,High,Low,Close,Volume
2020-01-02,109.520000,111.870000,109.520000,111.620000,1704827
2020-01-03,110.660000,110.810000,108.670000,109.480000,2036380
2020-01-06,108.390000,109.350000,107.350000,108.970000,1690665
2020-01-07,109.520000,110.270000,108.650000,109.670000,2254128
2020-01-08,109.140000,110.320000,107.920000,110.120000,1818646
2020-01-09,111.190000,111.530000,110.890000,111.400000,1735444
2020-01-10,111.270000,111.360000,109.140000,109.140000,2057534
2020-01-13,109.820000,109.970000,108.030000,108.910000,1950968
2020-01-14,108.880000,109.990000,108.250000,109.520000,1620841
2020-01-15,109.310000,109.820000,108.860000,108.890000,1364682
2020-01-16,108.570000,109.200000,108.220000,109.200000,1596188
2020-01-17,109.700000,110.170000,109.460000,110.170000,2426127
2020-01-20,109.780000,110.360000,109.480000,109.910000,1050304
2020-01-21,109.650000,110.490000,109.010000,110.270000,1244010
2020-01-22,110.400000,111.080000,109.100000,109.160000,1710320
2020-01-23,108.690000,109.550000,108.330000,108.760000,1667947
2020-01-24,109.420000,111.570000,109.400000,110.950000,2244963
2020-01-27,109.520000,109.630000,107.880000,108.030000,2696175
2020-01-28,108.670000,108.930000,107.540000,108.540000,1840982
2020-01-29,108.460000,109.780000,108.220000,109.440000,1599366
2020-01-30,108.480000,108.480000,106.710000,107.010000,2039436
2020-01-31,107.160000,107.410000,104.830000,105.040000,2707006
2020-02-03,104.740000,105.490000,104.170000,104.640000,2381787
2020-02-04,105.430000,106.300000,105.060000,106.300000,2333942
2020-02-05,104.600000,107.600000,103.850000,106.990000,3891885
2020-02-06,108.030000,108.140000,105.140000,105.880000,3209423
2020-02-07,105.610000,106.270000,104.950000,105.510000,2464001
2020-02-10,105.220000,105.960000,105.120000,105.510000,1568163
2020-02-11,105.810000,107.110000,104.750000,106.620000,2472888
2020-02-12,106.970000,107.190000,106.160000,106.760000,1609044
2020-02-13,106.330000,106.990000,104.130000,104.400000,2634244
2020-02-14,104.540000,104.930000,103.740000,103.920000,1801701
2020-02-17,103.900000,105.240000,103.680000,105.100000,1254924
2020-02-18,104.070000,104.360000,103.350000,104.090000,1545626
2020-02-19,104.290000,104.680000,103.530000,104.130000,1511304
2020-02-20,104.030000,104.850000,103.510000,103.510000,1559382
2020-02-21,103.080000,103.720000,101.890000,102.630000,2606282
2020-02-24,99.860000,100.120000,97.640000,98.300000,3847769
2020-02-25,98.600000,98.750000,96.430000,96.710000,3390545
2020-02-26,96.010000,96.820000,93.360000,95.970000,5193684
2020-02-27,94.020000,95.020000,92.040000,94.210000,5478110
2020-02-28,90.570000,91.740000,88.570000,90.800000,8886250
2020-03-02,90.600000,92.800000,88.070000,89.280000,6264869
2020-03-03,89.780000,92.050000,88.920000,89.620000,5231469
2020-03-04,89.520000,90.080000,88.680000,89.590000,3976765
2020-03-05,90.020000,90.190000,86.800000,87.760000,4184946
2020-03-06,85.740000,86.780000,84.320000,84.920000,5704584
2020-03-09,77.940000,81.020000,77.000000,78.420000,9682024
2020-03-10,79.430000,82.320000,77.800000,77.920000,8586149
2020-03-11,78.920000,80.410000,77.070000,77.660000,6880594
2020-03-12,74.040000,74.650000,67.800000,67.800000,12147550
2020-03-13,69.840000,73.930000,66.210000,67.800000,10496509
2020-03-16,63.810000,66.710000,60.970000,64.220000,11022132
2020-03-17,67.490000,67.630000,61.870000,65.910000,7881269
2020-03-18,63.330000,63.790000,58.690000,59.310000,7902696
2020-03-19,59.190000,62.840000,57.260000,59.320000,5501206
2020-03-20,62.880000,67.200000,62.630000,65.270000,8720991
2020-03-23,62.350000,68.780000,61.380000,66.160000,5973070
2020-03-24,70.600000,73.810000,69.850000,73.810000,6895731
2020-03-25,75.700000,76.480000,71.260000,74.480000,5656416
2020-03-26,72.580000,75.180000,72.150000,74.760000,4670634
2020-03-27,72.970000,74.120000,70.410000,71.070000,4682288
2020-03-30,71.560000,73.320000,70.260000,73.320000,3165604
2020-03-31,74.340000,76.900000,73.420000,75.480000,5078327
2020-04-01,73.070000,73.390000,71.520000,72.120000,4274737
2020-04-02,72.050000,75.160000,71.800000,74.430000,5029019
2020-04-03,74.170000,75.380000,73.720000,74.370000,3277516
2020-04-06,77.840000,79.950000,77.460000,79.890000,3990445
2020-04-07,82.680000,84.460000,81.900000,82.310000,5116911
2020-04-08,81.390000,81.390000,78.420000,79.770000,3876088
2020-04-09,80.630000,81.690000,78.340000,79.250000,4318461
2020-04-14,80.510000,81.550000,79.260000,80.660000,2715462
2020-04-15,80.670000,80.740000,76.010000,76.540000,3960255
2020-04-16,77.400000,77.610000,75.220000,75.790000,3380510
2020-04-17,78.430000,80.430000,78.170000,78.440000,4552456
2020-04-20,79.340000,79.550000,76.450000,78.860000,2780457
2020-04-21,78.010000,78.120000,74.800000,75.540000,3603011
2020-04-22,76.290000,77.220000,75.610000,76.980000,2791824
2020-04-23,77.260000,78.470000,76.180000,78.110000,2693909
2020-04-24,76.870000,78.320000,76.290000,76.420000,2830696
2020-04-27,78.140000,79.680000,77.790000,79.650000,2691959
2020-04-28,79.650000,83.400000,79.550000,82.700000,4364395
2020-04-29,82.720000,86.000000,82.320000,85.600000,3449532
2020-04-30,86.510000,86.700000,82.090000,82.500000,4575460
2020-05-04,80.280000,80.530000,78.150000,78.720000,3778433
2020-05-05,80.280000,81.490000,79.220000,81.350000,2710532
2020-05-06,81.450000,81.700000,79.990000,80.350000,1991219
2020-05-07,79.640000,82.140000,79.400000,82.140000,2584259
2020-05-08,85.260000,87.800000,83.880000,86.060000,4559752
2020-05-11,87.090000,87.800000,85.070000,85.860000,2753249
2020-05-12,85.230000,86.080000,84.470000,85.600000,2292179
2020-05-13,84.290000,84.970000,83.080000,83.880000,2788298
2020-05-14,82.810000,83.720000,80.130000,81.980000,3240074
2020-05-15,82.760000,84.770000,82.560000,83.920000,3138850
2020-05-18,85.990000,89.230000,85.660000,89.020000,3940974
2020-05-19,90.830000,90.900000,87.720000,90.450000,3950680
2020-05-20,89.980000,92.350000,89.360000,91.900000,2360937
2020-05-21,91.000000,92.490000,90.400000,91.280000,1537702
2020-05-22,89.830000,92.010000,89.560000,91.190000,1768283
2020-05-25,92.040000,93.560000,91.060000,93.510000,1503189
2020-05-26,94.990000,96.240000,94.190000,95.870000,2730936
2020-05-27,96.120000,98.380000,95.630000,96.430000,2611695
2020-05-28,96.960000,97.100000,95.670000,96.540000,2485258
2020-05-29,95.460000,97.170000,95.120000,95.990000,3760943
2020-06-02,97.820000,99.510000,97.620000,99.390000,3405614
2020-06-03,100.060000,102.510000,99.340000,102.280000,3392156
2020-06-04,101.710000,103.210000,101.030000,101.950000,3376997
2020-06-05,103.170000,106.160000,102.750000,105.750000,3909266
2020-06-08,104.540000,106.620000,103.580000,105.340000,2340060
2020-06-09,105.220000,105.900000,102.920000,104.190000,2855644
2020-06-10,104.830000,105.840000,102.120000,102.630000,2476501
2020-06-11,99.650000,99.650000,96.560000,96.560000,4136708
2020-06-12,95.600000,98.630000,94.990000,96.020000,3099229
2020-06-15,92.720000,95.950000,92.370000,94.940000,2298126
2020-06-16,97.270000,99.840000,96.310000,98.730000,3770358
2020-06-17,98.750000,100.950000,98.300000,99.750000,2369804
2020-06-18,99.180000,101.870000,98.890000,100.020000,2449420
2020-06-19,100.330000,102.200000,100.130000,101.150000,6638775
2020-06-22,100.330000,101.440000,99.320000,99.960000,1857497
2020-06-23,100.430000,102.610000,99.840000,101.320000,2075756
2020-06-24,101.090000,101.650000,98.620000,98.650000,1463959
2020-06-25,98.300000,100.210000,97.180000,99.490000,1764133
2020-06-26,100.640000,102.060000,99.220000,99.220000,1625039
2020-06-29,98.690000,102.080000,98.690000,101.030000,2070067
2020-06-30,101.230000,102.360000,100.520000,102.060000,1784282
2020-07-01,100.700000,102.530000,100.100000,101.320000,1411517
2020-07-02,102.360000,104.690000,101.790000,103.820000,1906678
2020-07-03,103.760000,104.070000,102.710000,103.310000,906191
2020-07-06,105.030000,105.980000,104.360000,105.160000,1443444
2020-07-07,104.580000,105.710000,104.290000,105.340000,1120444
2020-07-08,104.520000,105.840000,103.080000,103.080000,1742822
2020-07-09,103.840000,104.930000,102.650000,103.000000,1605291
2020-07-10,102.710000,105.650000,102.410000,105.220000,1796971
2020-07-13,106.190000,107.070000,105.300000,106.390000,1432198
2020-07-14,104.930000,106.990000,104.480000,106.990000,1772153
2020-07-15,107.150000,110.290000,106.880000,109.120000,2340301
2020-07-16,108.140000,109.960000,106.800000,109.370000,1758662
2020-07-17,108.840000,109.720000,108.320000,109.250000,1919798
2020-07-20,108.920000,111.300000,108.240000,111.030000,1457709
2020-07-21,112.040000,114.090000,111.830000,112.570000,2613910
2020-07-22,112.180000,112.900000,111.220000,112.040000,1565661
2020-07-23,111.770000,112.640000,111.030000,111.940000,1433412
2020-07-24,110.730000,111.010000,109.640000,109.880000,1299579
2020-07-27,109.020000,111.090000,108.670000,110.380000,1037480
2020-07-28,110.400000,111.530000,109.700000,111.110000,1071472
2020-07-29,111.070000,111.920000,110.720000,111.610000,1367655
2020-07-30,111.420000,111.460000,105.570000,107.010000,2499578
2020-07-31,106.600000,108.010000,105.360000,105.530000,2048592
2020-08-03,105.610000,109.920000,105.610000,109.120000,1831534
2020-08-04,109.880000,110.810000,107.680000,107.710000,1577821
2020-08-05,107.930000,109.640000,107.770000,109.180000,1429196
2020-08-06,112.040000,114.180000,109.530000,110.950000,2870542
2020-08-07,111.070000,114.180000,110.970000,112.960000,1925289
2020-08-10,113.270000,113.970000,112.590000,112.760000,1223466
2020-08-11,113.400000,115.310000,113.400000,114.420000,1928392
2020-08-12,113.810000,115.760000,113.460000,115.330000,1458151
2020-08-13,115.160000,116.030000,114.360000,114.420000,1312878
2020-08-14,113.990000,114.570000,112.570000,113.230000,1065652
2020-08-17,112.920000,114.500000,112.920000,113.420000,1005951
2020-08-18,113.130000,114.940000,112.780000,113.660000,1208452
2020-08-19,113.380000,115.040000,113.090000,114.980000,947930
2020-08-20,113.680000,113.830000,112.490000,113.370000,1063840
2020-08-21,113.620000,114.300000,111.400000,112.960000,1627770
2020-08-24,113.600000,116.210000,113.600000,116.210000,1612227
2020-08-25,116.410000,116.970000,115.470000,115.590000,1365089
2020-08-26,115.550000,117.050000,114.870000,117.010000,1093423
2020-08-27,116.910000,117.550000,115.900000,116.130000,1291270
2020-08-28,116.480000,117.030000,114.980000,115.180000,1593671
2020-08-31,115.410000,115.940000,112.640000,112.680000,1957078
2020-09-01,113.790000,114.710000,112.140000,113.850000,1660362
2020-09-02,114.440000,116.830000,114.160000,116.050000,2201662
2020-09-03,116.420000,117.220000,113.010000,113.830000,2260927
2020-09-04,113.070000,115.220000,111.530000,112.720000,2048237
2020-09-07,113.010000,114.630000,112.720000,114.240000,1049626
2020-09-08,114.260000,114.300000,111.570000,112.470000,1779804
2020-09-09,112.640000,115.290000,112.640000,115.100000,1426686
2020-09-10,115.410000,116.210000,113.740000,114.590000,1365432
2020-09-11,114.850000,114.850000,113.380000,114.140000,1383940
2020-09-14,114.960000,115.510000,113.560000,113.830000,1175283
2020-09-15,113.740000,114.340000,112.960000,113.890000,1748615
2020-09-16,113.850000,115.630000,113.480000,115.630000,1610631
2020-09-17,114.500000,116.270000,113.910000,115.980000,1469476
2020-09-18,115.900000,116.560000,114.610000,114.610000,5606184
2020-09-21,114.610000,114.940000,108.400000,109.270000,3303774
2020-09-22,109.410000,111.220000,109.310000,110.110000,2139666
2020-09-23,112.640000,112.740000,109.330000,109.450000,1778583
2020-09-24,108.140000,111.110000,107.850000,110.580000,2050386
2020-09-25,110.810000,110.890000,106.820000,108.810000,2757837
2020-09-28,102.300000,107.750000,101.320000,107.130000,5926041
2020-09-29,107.030000,108.030000,105.840000,105.840000,1992445
2020-09-30,105.260000,106.180000,105.030000,105.100000,1864002
2020-10-01,105.810000,106.000000,103.840000,103.920000,1610917
2020-10-02,102.510000,103.640000,102.320000,103.160000,1568290
2020-10-05,103.470000,104.870000,103.190000,104.560000,1264709
2020-10-06,104.990000,106.720000,103.970000,106.120000,1436010
2020-10-07,105.880000,106.620000,105.490000,106.430000,1516412
2020-10-08,106.700000,108.140000,106.040000,107.990000,1727902
2020-10-09,108.140000,108.880000,107.540000,108.690000,1466245
2020-10-12,108.470000,109.900000,107.970000,109.550000,1258860
2020-10-13,109.780000,109.990000,107.600000,108.380000,1315754
2020-10-14,108.550000,109.880000,108.530000,109.510000,977599
2020-10-15,108.320000,108.320000,105.140000,106.530000,2003757
2020-10-16,106.550000,108.320000,106.140000,108.100000,1741530
2020-10-19,108.240000,109.570000,106.880000,107.620000,1041721
2020-10-20,106.780000,108.490000,106.350000,107.890000,1305059
2020-10-21,108.510000,108.630000,105.590000,105.880000,1419356
2020-10-22,105.400000,106.530000,104.290000,106.210000,1671311
2020-10-23,105.550000,107.420000,105.240000,106.840000,1172258
2020-10-26,106.600000,106.880000,104.750000,104.750000,1680455
2020-10-27,104.990000,105.010000,103.040000,103.780000,2029173
2020-10-28,101.250000,101.560000,96.630000,97.520000,3466579
2020-10-29,97.320000,98.950000,96.140000,98.050000,2584169
2020-10-30,96.080000,98.830000,95.970000,98.110000,1876105
2020-11-02,98.910000,101.400000,97.780000,100.740000,1512346
2020-11-03,101.730000,103.640000,101.190000,103.540000,1834515
2020-11-04,102.490000,105.590000,101.070000,104.690000,2496522
2020-11-05,105.200000,107.730000,104.770000,107.250000,2068549
2020-11-06,106.620000,106.970000,104.320000,105.840000,1919822
2020-11-09,108.030000,116.230000,107.190000,113.480000,5067031
2020-11-10,113.480000,116.090000,112.960000,115.350000,3116139
2020-11-11,115.160000,116.150000,113.870000,114.500000,1996993
2020-11-12,110.720000,112.430000,108.980000,110.790000,2705730
2020-11-13,110.190000,112.330000,109.880000,110.130000,2357957
2020-11-16,110.330000,110.890000,109.040000,109.410000,2001236
2020-11-17,108.840000,109.510000,107.890000,108.730000,1488801
2020-11-18,108.300000,109.140000,107.910000,108.260000,1474471
2020-11-19,106.190000,107.700000,106.100000,106.970000,1947597
2020-11-20,106.840000,107.870000,106.600000,106.760000,2058118
2020-11-23,107.460000,109.620000,107.360000,108.810000,1612584
2020-11-24,110.010000,110.380000,109.100000,109.490000,1757078
2020-11-25,109.860000,110.150000,108.420000,109.470000,1833896
2020-11-26,109.900000,110.050000,108.490000,108.490000,1014847
2020-11-27,108.340000,110.030000,108.240000,109.780000,1791715
2020-11-30,109.120000,110.580000,108.900000,109.120000,3256693
2020-12-01,109.680000,110.500000,109.120000,110.030000,1625653
2020-12-02,109.900000,110.500000,108.840000,110.010000,1485634
2020-12-03,109.760000,110.230000,109.040000,109.040000,1260431
2020-12-04,109.160000,110.380000,108.960000,110.380000,1553655
2020-12-07,109.220000,110.500000,109.100000,109.530000,1219677
2020-12-08,109.700000,111.590000,109.620000,111.460000,1392978
2020-12-09,112.020000,113.230000,110.950000,110.970000,1632374
2020-12-10,111.220000,111.850000,110.070000,110.600000,1272752
2020-12-11,110.230000,110.600000,108.490000,109.780000,1658102
2020-12-14,111.110000,112.120000,109.760000,109.800000,1940592
2020-12-15,109.700000,111.730000,109.490000,111.730000,1459377
2020-12-16,112.390000,113.420000,111.120000,112.680000,1847903
2020-12-17,113.600000,114.160000,113.030000,113.600000,2012092
2020-12-18,113.500000,115.530000,113.330000,114.790000,6241979
2020-12-21,113.010000,113.090000,108.770000,110.730000,2922669
2020-12-22,111.480000,111.880000,110.700000,111.400000,1390621
2020-12-23,111.900000,113.990000,111.670000,113.990000,1149343
2020-12-28,115.350000,116.330000,115.270000,116.230000,1067229
2020-12-29,116.330000,116.660000,114.140000,114.380000,902680
2020-12-30,114.140000,115.270000,114.090000,114.500000,796354
2021-01-04,115.820000,116.210000,113.680000,114.590000,1257386
2021-01-05,113.520000,115.060000,113.310000,114.360000,1355886
2021-01-06,114.650000,118.960000,114.280000,118.740000,2048105
2021-01-07,119.020000,121.100000,118.760000,121.100000,2215688
2021-01-08,121.390000,122.060000,120.500000,120.810000,1823416
2021-01-11,119.830000,121.260000,118.720000,120.790000,1565979
2021-01-12,121.300000,122.310000,120.850000,120.850000,1567127
2021-01-13,120.730000,121.060000,119.460000,119.660000,1583183
2021-01-14,119.820000,119.910000,118.960000,119.190000,1682173
2021-01-15,118.000000,118.740000,115.800000,116.700000,2425856
2021-01-18,115.610000,116.760000,115.410000,116.760000,1099972
2021-01-19,117.690000,118.310000,117.180000,118.100000,1209636
2021-01-20,118.120000,119.700000,117.220000,119.210000,1531142
2021-01-21,119.680000,121.020000,119.580000,120.610000,1453490
2021-01-22,125.390000,129.420000,124.880000,129.380000,4955875
2021-01-25,129.300000,129.830000,125.060000,125.060000,2658503
2021-01-26,125.270000,128.390000,124.880000,127.300000,1900490
2021-01-27,127.730000,129.480000,125.540000,126.010000,2530253
2021-01-28,125.390000,126.710000,123.380000,126.380000,2244105
2021-01-29,125.290000,126.950000,124.570000,124.650000,2807827
2021-02-01,125.800000,127.220000,125.270000,127.180000,1733656
2021-02-02,127.820000,130.140000,127.550000,130.140000,2161274
2021-02-03,132.680000,133.980000,131.310000,132.500000,2362713
2021-02-04,133.880000,136.160000,132.700000,136.160000,2310690
2021-02-05,135.380000,135.400000,132.100000,133.300000,2231960
2021-02-08,133.700000,133.980000,131.800000,132.420000,1496347
2021-02-09,132.000000,132.320000,130.720000,131.180000,1163784
2021-02-10,131.980000,134.500000,130.200000,133.400000,2145914
2021-02-11,133.240000,133.300000,131.480000,132.280000,1323749
2021-02-12,131.920000,134.020000,131.520000,134.020000,1432898
2021-02-15,134.780000,134.780000,131.520000,131.920000,1354930
2021-02-16,131.500000,132.180000,130.360000,130.360000,1404920
2021-02-17,130.660000,132.140000,130.400000,130.780000,1528344
2021-02-18,131.100000,132.380000,129.300000,129.560000,1485809
2021-02-19,129.800000,132.720000,129.760000,132.480000,1588249
2021-02-22,131.240000,131.700000,129.620000,131.500000,1179763
2021-02-23,131.840000,131.840000,126.860000,129.620000,1597328
2021-02-24,129.700000,131.280000,129.420000,130.920000,1358197
2021-02-25,131.480000,131.840000,130.180000,130.180000,1096126
2021-02-26,129.160000,130.600000,127.580000,127.980000,2204650
2021-03-01,129.260000,131.680000,129.220000,130.880000,1395711
2021-03-02,130.200000,131.600000,129.880000,129.880000,1043159
2021-03-03,130.420000,133.120000,130.240000,133.120000,2005222
2021-03-04,131.800000,131.980000,130.000000,131.500000,1610789
2021-03-05,130.360000,130.520000,128.260000,129.120000,1673336
2021-03-08,130.000000,134.920000,129.660000,134.520000,2075605
2021-03-09,133.700000,135.500000,132.520000,135.100000,2036245
2021-03-10,134.420000,135.680000,133.420000,135.360000,1264510
2021-03-11,135.640000,137.040000,135.460000,136.700000,1344366
2021-03-12,135.520000,135.720000,134.540000,135.380000,1192564
2021-03-15,134.760000,136.040000,133.840000,134.800000,1094652
2021-03-16,135.360000,135.580000,134.280000,135.420000,1196364
2021-03-17,135.040000,136.080000,134.000000,135.980000,1750611
2021-03-18,136.200000,141.320000,136.060000,140.980000,3033584
2021-03-19,140.000000,140.040000,136.480000,137.760000,5082220
2021-03-22,136.300000,137.640000,135.080000,135.760000,1455590
2021-03-23,135.340000,137.300000,134.780000,135.980000,1138599
2021-03-24,135.040000,136.140000,134.160000,135.560000,1287803
2021-03-25,135.000000,135.920000,133.080000,135.460000,1094737
2021-03-26,136.480000,137.900000,136.340000,137.380000,1068697
2021-03-29,137.980000,138.360000,137.040000,137.840000,880061
2021-03-30,139.640000,141.920000,139.240000,141.080000,1522089
2021-03-31,140.820000,141.440000,139.980000,140.000000,1798425
2021-04-01,140.000000,141.660000,139.500000,140.800000,1483387
2021-04-06,140.500000,142.460000,140.060000,141.240000,1229809
2021-04-07,141.200000,141.520000,139.660000,140.040000,1035626
2021-04-08,140.300000,141.280000,139.720000,140.440000,1254714
2021-04-09,140.000000,140.460000,139.460000,140.400000,1385885
2021-04-12,140.340000,140.500000,139.280000,139.280000,984012
2021-04-13,139.140000,139.820000,138.140000,139.400000,1260062
2021-04-14,139.560000,139.560000,137.940000,138.760000,1080164
2021-04-15,139.200000,140.200000,138.960000,140.000000,1455715
2021-04-16,139.800000,145.960000,139.660000,145.960000,2904105
2021-04-19,145.700000,145.700000,143.380000,143.800000,1460420
2021-04-20,143.480000,144.300000,140.160000,140.280000,1428595
2021-04-21,140.500000,141.740000,139.440000,141.200000,1327383
2021-04-22,141.260000,142.860000,140.840000,142.460000,1053731
2021-04-23,141.360000,142.940000,140.920000,142.940000,1312494
2021-04-26,142.680000,143.280000,142.080000,142.480000,758474
2021-04-27,142.560000,143.520000,140.940000,142.160000,826484
2021-04-28,142.680000,142.940000,141.100000,141.360000,1248098
2021-04-29,141.180000,141.620000,138.640000,139.400000,1031409
2021-04-30,139.700000,140.440000,138.820000,138.820000,1263687
2021-05-03,139.360000,141.580000,139.360000,140.840000,837023
2021-05-04,141.120000,141.180000,135.640000,136.100000,1709902
2021-05-05,137.160000,140.100000,136.840000,140.000000,1134754
2021-05-06,139.920000,141.840000,138.680000,140.140000,1263904
2021-05-07,140.680000,145.200000,140.680000,144.280000,1820935
2021-05-10,145.000000,145.120000,142.780000,143.800000,1266674
2021-05-11,142.380000,142.860000,138.040000,139.740000,1587279
2021-05-12,140.000000,140.380000,138.620000,139.260000,1096942
2021-05-13,138.000000,141.040000,136.040000,140.320000,992127
2021-05-14,142.420000,144.600000,140.740000,144.480000,1309950
2021-05-17,143.620000,145.000000,140.880000,141.420000,1287079
2021-05-18,142.220000,142.580000,139.020000,139.020000,1454977
2021-05-19,137.700000,138.300000,132.460000,133.680000,2177508
2021-05-20,134.700000,135.040000,132.540000,134.860000,1505512
2021-05-21,135.280000,136.220000,135.100000,135.860000,1606481
2021-05-25,137.760000,137.820000,135.380000,135.380000,1447134
2021-05-26,135.600000,136.060000,134.180000,134.700000,1207961
2021-05-27,134.200000,135.860000,130.020000,130.020000,8044888
2021-05-28,133.100000,135.440000,133.100000,134.900000,1859774
2021-05-31,134.280000,134.680000,132.580000,132.640000,832411
2021-06-01,133.460000,136.420000,133.460000,135.040000,1274211
2021-06-02,134.720000,136.460000,134.420000,136.380000,1173747
2021-06-03,135.940000,136.320000,134.200000,135.760000,941862
2021-06-04,135.780000,136.340000,134.340000,136.000000,930921
2021-06-07,135.980000,136.540000,135.420000,136.040000,983397
2021-06-08,136.400000,136.880000,135.560000,135.940000,1108397
2021-06-09,136.600000,137.140000,134.820000,136.000000,1174869
2021-06-10,136.300000,136.580000,134.860000,135.100000,1029357
2021-06-11,135.300000,136.760000,134.500000,136.720000,1035025
2021-06-14,137.000000,138.240000,135.600000,135.740000,935042
2021-06-15,136.800000,138.840000,136.460000,138.600000,1300113
2021-06-16,139.220000,139.240000,136.540000,136.780000,1381080
2021-06-17,136.160000,138.900000,135.860000,137.400000,1428128
2021-06-18,137.140000,138.120000,133.200000,133.700000,3093145
2021-06-21,133.320000,137.060000,132.600000,136.500000,1243844
2021-06-22,136.340000,137.080000,135.240000,136.700000,862509
2021-06-23,137.260000,137.380000,135.420000,136.860000,1357266
2021-06-24,137.860000,138.000000,134.320000,135.240000,2441481
2021-06-25,135.340000,137.240000,134.220000,136.920000,1286292
2021-06-28,137.000000,138.360000,134.120000,134.200000,1164753
2021-06-29,134.380000,135.540000,134.200000,134.600000,1254595
2021-06-30,134.440000,135.720000,132.420000,133.620000,1636719
2021-07-01,134.860000,135.740000,132.460000,134.140000,1157790
2021-07-02,134.280000,135.120000,133.580000,133.860000,946291
2021-07-05,133.860000,134.240000,132.620000,133.700000,588551
2021-07-06,133.280000,133.640000,131.440000,132.220000,1359616
2021-07-07,132.580000,133.980000,132.280000,133.980000,1059013
2021-07-08,133.180000,133.180000,129.640000,131.020000,2073649
2021-07-09,131.820000,132.840000,130.580000,132.840000,1253215
2021-07-12,132.620000,134.000000,131.480000,133.540000,931422
2021-07-13,133.640000,135.120000,133.240000,134.700000,1090004
2021-07-14,133.560000,134.360000,133.080000,133.560000,696102
2021-07-15,132.800000,132.860000,129.920000,130.240000,1322169
2021-07-16,129.760000,130.720000,128.160000,129.400000,1500052
2021-07-19,128.000000,128.500000,124.960000,126.080000,2075326
2021-07-20,127.140000,128.200000,125.980000,127.040000,1235949
2021-07-21,128.200000,130.840000,127.320000,130.300000,1312139
2021-07-22,131.380000,134.900000,131.320000,134.000000,1486985
2021-07-23,134.640000,135.340000,133.960000,134.560000,1103431
2021-07-26,133.360000,134.580000,133.180000,134.420000,697210
2021-07-27,133.460000,133.700000,131.000000,133.220000,1011298
2021-07-28,133.100000,133.640000,132.000000,133.240000,965513
2021-07-29,133.740000,134.080000,132.780000,133.180000,843548
2021-07-30,132.000000,132.840000,131.000000,131.580000,1549953
2021-08-02,132.720000,135.620000,132.520000,135.100000,1393762
2021-08-03,135.180000,135.260000,134.380000,134.860000,831225
2021-08-04,135.620000,138.220000,135.200000,137.800000,1448707
2021-08-05,139.000000,144.000000,139.000000,141.380000,1733228
2021-08-06,142.020000,142.140000,138.760000,140.300000,1132432
2021-08-09,140.280000,141.180000,138.100000,138.620000,695242
2021-08-10,138.560000,139.640000,137.840000,139.200000,637083
2021-08-11,139.420000,141.660000,138.720000,141.660000,780929
2021-08-12,141.940000,143.600000,140.820000,142.600000,1173231
2021-08-13,142.200000,143.240000,141.460000,142.120000,893991
2021-08-16,140.720000,141.940000,140.200000,141.720000,865149
2021-08-17,141.400000,143.380000,140.860000,142.600000,795439
2021-08-18,142.600000,143.000000,141.540000,142.560000,872901
2021-08-19,140.420000,141.280000,138.200000,138.700000,1235186
2021-08-20,138.020000,138.780000,137.160000,138.580000,1115231
2021-08-23,140.000000,140.320000,138.400000,139.580000,717459
2021-08-24,140.440000,140.720000,139.580000,140.140000,743225
2021-08-25,140.100000,140.200000,138.560000,138.940000,658822
2021-08-26,138.180000,139.360000,137.520000,139.060000,900518
2021-08-27,138.860000,140.680000,137.940000,140.680000,810178
2021-08-30,140.460000,141.580000,140.120000,141.420000,576943
2021-08-31,141.820000,143.440000,139.600000,140.840000,1935027
2021-09-01,140.560000,141.280000,137.740000,139.240000,1185320
2021-09-02,140.000000,141.920000,139.160000,141.720000,949822
2021-09-03,142.000000,144.500000,140.980000,142.580000,1440430
2021-09-06,142.920000,146.800000,142.760000,146.800000,1250348
2021-09-07,146.120000,147.580000,145.480000,146.080000,1212642
2021-09-08,145.680000,145.680000,140.120000,140.960000,2089428
2021-09-09,139.580000,144.180000,139.100000,143.340000,1421489
2021-09-10,143.600000,146.880000,143.400000,146.080000,1334073
2021-09-13,146.500000,148.120000,146.340000,146.540000,1372412
2021-09-14,146.000000,148.460000,145.600000,147.840000,1526494
2021-09-15,147.320000,148.080000,145.800000,146.720000,1303028
2021-09-16,147.780000,150.720000,147.280000,149.780000,1802623
2021-09-17,150.820000,151.860000,148.060000,149.520000,5281924
2021-09-20,146.480000,146.740000,141.100000,141.980000,2219702
2021-09-21,143.780000,146.280000,143.740000,146.020000,1434648
2021-09-22,147.300000,149.780000,147.300000,149.600000,1318859
2021-09-23,151.020000,151.840000,149.300000,150.260000,1262254
2021-09-24,149.600000,149.920000,147.920000,147.960000,1098121
2021-09-27,150.320000,150.700000,146.460000,147.280000,843673
2021-09-28,147.120000,147.280000,142.420000,143.140000,1480411
2021-09-29,144.260000,144.980000,142.860000,143.420000,1093244
2021-09-30,144.460000,144.620000,141.200000,141.920000,1614024
2021-10-01,138.980000,140.560000,136.860000,137.700000,2008389
2021-10-04,137.020000,138.560000,135.640000,135.860000,1157468
2021-10-05,135.880000,138.180000,134.580000,137.860000,1096523
2021-10-06,136.780000,136.780000,133.700000,135.180000,1433257
2021-10-07,137.000000,137.760000,135.800000,137.760000,1332132
2021-10-08,137.900000,138.480000,136.780000,137.660000,989993
2021-10-11,137.420000,137.660000,135.460000,136.380000,1120693
2021-10-12,134.240000,136.440000,133.880000,136.140000,899223
2021-10-13,135.560000,137.740000,135.020000,136.880000,951485
2021-10-14,138.060000,141.360000,137.540000,141.060000,1147512
2021-10-15,140.000000,141.260000,139.100000,141.260000,1515476
2021-10-18,141.000000,141.080000,138.920000,139.860000,885917
2021-10-19,140.320000,140.640000,138.740000,140.640000,836644
2021-10-20,140.900000,143.260000,140.600000,142.100000,1024016
2021-10-21,140.940000,140.940000,137.900000,138.580000,1319336
2021-10-22,138.560000,140.300000,137.940000,139.560000,1290616
2021-10-25,139.860000,140.260000,138.020000,139.020000,944151
2021-10-26,139.360000,141.880000,139.160000,141.360000,924302
2021-10-27,140.700000,143.440000,140.240000,140.700000,1009471
2021-10-28,139.900000,140.420000,138.940000,139.840000,1042999
2021-10-29,138.520000,140.380000,135.960000,140.280000,1787891
2021-11-01,140.920000,141.760000,140.160000,140.740000,790979
2021-11-02,140.780000,145.400000,140.500000,145.000000,1442843
2021-11-03,144.820000,145.280000,143.580000,144.180000,1036270
2021-11-04,144.000000,146.560000,143.560000,145.940000,1185878
2021-11-05,145.000000,145.820000,143.120000,145.580000,1347564
2021-11-08,144.580000,146.740000,144.500000,146.160000,991558
2021-11-09,145.580002,147.399994,145.440002,145.699997,954116
2021-11-10,145.800003,147.100006,145.520004,146.960007,936384
2021-11-11,147.740005,152.419998,145.699997,151.160004,2613160
2021-11-12,151.059998,151.300003,147.199997,148.399994,1992870
2021-11-15,146.479996,150.160004,145.199997,150.059998,1347215
2021-11-16,150.399994,153.639999,149.800003,153.600006,1346353
2021-11-17,154.020004,156.559998,153.240005,154.740005,1388998
2021-11-18,155.059998,156.139999,154.800003,154.839996,1192685
2021-11-19,155.279999,156.639999,154.059998,155.199997,2542424
2021-11-22,154.880005,156.979996,154.539993,155.919998,1145768
2021-11-23,154.899994,155.580002,152.839996,153.339996,1273420
2021-11-24,153.440002,154.759995,151.119995,151.940002,1199998
2021-11-25,153.000000,154.000000,152.479996,153.580002,799414
2021-11-26,148.860001,149.539993,145.240005,145.240005,2713204
2021-11-29,147.220001,148.139999,143.619995,144.559998,1624422
2021-11-30,142.880005,143.839996,140.240005,141.279999,4683666
2021-12-01,142.699997,148.339996,142.399994,148.020004,1553916
2021-12-02,145.759995,148.119995,145.179993,147.800003,1741274
2021-12-03,149.899994,150.199997,146.000000,146.539993,1780441
2021-12-06,147.899994,149.660004,145.779999,149.339996,1343273
2021-12-07,149.339996,149.339996,149.339996,149.339996,0
2021-12-08,153.339996,154.699997,151.520004,151.600006,1229100
2021-12-09,152.179993,152.880005,150.199997,151.020004,800581
2021-12-10,149.699997,151.559998,149.600006,151.039993,955827
2021-12-13,151.199997,153.580002,150.059998,150.559998,1162994
2021-12-14,151.080002,152.479996,147.179993,147.320007,1105963
2021-12-15,148.520004,149.300003,147.960007,148.559998,886773
2021-12-16,151.399994,152.220001,149.660004,150.000000,1580290
2021-12-17,149.500000,150.039993,147.119995,147.899994,2836145
2021-12-20,144.899994,145.699997,141.179993,144.679993,1436804
2021-12-21,145.899994,146.679993,144.160004,146.580002,795532
2021-12-22,146.800003,147.779999,145.839996,147.639999,612214
2021-12-23,148.399994,150.220001,148.160004,150.220001,795339
2021-12-27,149.240005,151.059998,149.240005,150.800003,482423
2021-12-28,151.139999,153.059998,150.399994,152.820007,581094
2021-12-29,152.559998,152.759995,151.199997,151.779999,687999
2021-12-30,151.179993,152.679993,150.940002,152.679993,881579
2022-01-03,151.820007,154.740005,151.800003,153.720001,1046860
2022-01-04,154.320007,156.820007,153.399994,155.419998,1007543
2022-01-05,155.080002,157.960007,155.080002,157.960007,1177455
2022-01-06,155.399994,155.940002,153.619995,154.160004,1326484
2022-01-07,153.619995,154.119995,151.240005,152.160004,1215325
2022-01-10,152.080002,152.259995,147.179993,147.880005,1305887
2022-01-11,148.720001,150.759995,148.520004,150.300003,1286177
2022-01-12,152.000000,153.339996,151.259995,152.220001,1008710
2022-01-13,152.259995,152.839996,149.720001,151.500000,1252962
2022-01-14,149.820007,150.199997,145.600006,145.860001,1778749
2022-01-17,147.119995,147.740005,145.779999,146.000000,1229918
2022-01-18,145.500000,145.679993,142.460007,142.600006,1669909
2022-01-19,141.800003,145.300003,141.020004,144.339996,1395792
2022-01-20,144.759995,147.199997,143.699997,146.899994,1225529
2022-01-21,146.000000,146.339996,142.839996,144.520004,2280108
2022-01-24,143.039993,144.600006,136.559998,137.440002,2251036
2022-01-25,139.259995,139.380005,136.179993,138.520004,2152028
2022-01-26,139.800003,142.899994,139.500000,141.240005,1638047
2022-01-27,137.820007,141.300003,137.419998,140.500000,1765461
2022-01-28,135.818239,136.946171,133.056760,134.515289,1796990
2022-01-31,136.090501,138.093545,135.137584,136.012711,2021418
2022-02-01,137.276766,138.988117,137.043411,137.043411,1438399
2022-02-02,137.821297,138.482489,136.635025,136.635025,1235051
2022-02-03,135.721012,135.934930,132.901179,133.037323,2365611
2022-02-04,133.698511,134.165236,129.167343,129.167343,2608518
2022-02-07,130.353612,132.298318,129.595178,131.851044,1461680
2022-02-08,132.609476,133.873523,132.103848,132.823395,1494552
2022-02-09,133.076209,135.721010,132.940081,134.340271,1644081
2022-02-10,143.908211,145.133370,140.563315,140.679993,3748849
2022-02-11,140.679993,143.800003,140.039993,141.440002,2551379
2022-02-14,137.960007,140.880005,135.059998,139.500000,2760118
2022-02-15,139.000000,143.600006,138.639999,143.399994,2214381
2022-02-16,143.020004,144.979996,141.899994,142.539993,1637099
2022-02-17,142.460007,143.460007,138.960007,139.500000,1826865
2022-02-18,139.380005,139.679993,135.279999,136.339996,2053589
2022-02-21,137.720001,138.279999,131.679993,133.580002,1875255
2022-02-22,129.000000,133.639999,127.800003,132.039993,2664909
2022-02-23,131.899994,134.679993,131.179993,131.539993,1739253
2022-02-24,123.239998,126.300003,120.839996,124.180000,5173306
2022-02-25,125.239998,129.720001,123.379997,129.720001,3418900
2022-02-28,125.900002,127.379997,123.339996,126.660004,2992904
2022-03-01,125.000000,126.360001,120.459999,120.459999,3010657
2022-03-02,118.279999,125.379997,117.040001,123.800003,2987823
2022-03-03,124.339996,125.639999,121.099998,121.620003,1956787
2022-03-04,119.519997,120.739998,113.000000,113.220001,3624203
2022-03-07,107.900002,116.599998,105.919998,113.779999,4550094
2022-03-08,111.379997,118.500000,111.379997,115.500000,3811520
2022-03-09,120.260002,127.720001,118.879997,127.720001,4704208
2022-03-10,126.599998,127.220001,122.000000,123.080002,2759502
2022-03-11,123.739998,129.919998,123.160004,127.279999,3258566
2022-03-14,129.679993,132.399994,128.199997,129.160004,2310944
2022-03-15,127.500000,129.240005,124.800003,128.360001,2142367
2022-03-16,132.619995,136.419998,130.339996,136.240005,3115941
2022-03-17,136.300003,138.080002,132.440002,134.539993,1998509
2022-03-18,136.020004,136.279999,132.179993,136.039993,4267580
2022-03-21,135.600006,136.179993,131.899994,133.080002,1705760
2022-03-22,132.779999,134.860001,132.559998,133.199997,1626654
2022-03-23,133.080002,134.059998,129.380005,131.000000,1620694
2022-03-24,131.080002,131.720001,129.520004,130.119995,1723026
2022-03-25,130.179993,130.699997,127.320000,128.380005,1379779
2022-03-28,128.399994,132.100006,128.399994,129.199997,1708571
2022-03-29,131.240005,135.559998,130.940002,134.460007,1730002
2022-03-30,133.020004,133.580002,129.679993,130.020004,1594768
2022-03-31,131.059998,131.699997,125.660004,125.660004,2432448
2022-04-01,126.360001,127.000000,125.099998,126.699997,1442314
