Date,Open,High,Low,Close,Volume,Closen,sma,bbm,bbh,bbl,CCI,CloseOpen_g,rmax,rmin,Close_ah,Close_al,Close_ah_2,Close_al_2,Close_r,Close_f,Close_rp,Closebbh_c,Close_ah100_v,Close_74,vol
2020-01-02,109.52,111.87,109.52,111.62,1704827,110.55,,,,,,1.88,,,,,,,0.00,0.00,,0.00,0,,0.83
2020-01-03,110.66,110.81,108.67,109.48,2036380,109.23,,,,,,-1.08,,,,,,,0.00,109.48,,0.00,0,,0.99
2020-01-06,108.39,109.35,107.35,108.97,1690665,109.32,,,,,,0.53,,,,,,,0.00,108.97,,0.00,0,,0.82
2020-01-07,109.52,110.27,108.65,109.67,2254128,109.90,,,,,,0.14,,,,,,,109.67,0.00,,0.00,0,,1.10
2020-01-08,109.14,110.32,107.92,110.12,1818646,110.76,,,,,,0.89,,,,,,,110.12,0.00,,0.00,0,,0.88
2020-01-09,111.19,111.53,110.89,111.40,1735444,110.27,,,,,,0.19,,,,,,,111.40,0.00,111.40,0.00,0,,0.84
2020-01-10,111.27,111.36,109.14,109.14,2057534,109.03,,,,,,-1.95,,,,,,,0.00,109.14,,0.00,0,,1.00
2020-01-13,109.82,109.97,108.03,108.91,1950968,109.22,,,,,,-0.84,,,,,,,0.00,108.91,,0.00,0,,0.95
2020-01-14,108.88,109.99,108.25,109.52,1620841,109.21,,,,,,0.58,,,,,,,109.52,0.00,109.52,0.00,0,,0.79
2020-01-15,109.31,109.82,108.86,108.89,1364682,109.05,,,,,,-0.39,,,,,,,0.00,108.89,,0.00,0,,0.66
2020-01-16,108.57,109.20,108.22,109.20,1596188,109.69,,,,,,0.58,,,,,,,109.20,0.00,,0.00,0,,0.78
2020-01-17,109.70,110.17,109.46,110.17,2426127,110.04,,,,,,0.43,,,,,,,110.17,0.00,110.17,0.00,0,,1.18
2020-01-20,109.78,110.36,109.48,109.91,1050304,110.09,,,,,,0.12,,,,,,,0.00,109.91,,0.00,0,,0.51
2020-01-21,109.65,110.49,109.01,110.27,1244010,109.72,,,,,,0.56,,,,,,,110.27,0.00,110.27,0.00,0,,0.60
2020-01-22,110.40,111.08,109.10,109.16,1710320,108.96,,,,,,-1.14,,,,,,,0.00,109.16,,0.00,0,,0.83
2020-01-23,108.69,109.55,108.33,108.76,1667947,109.86,,,,,,0.06,,,,,,,0.00,108.76,,0.00,0,,0.81
2020-01-24,109.42,111.57,109.40,110.95,2244963,109.49,,,,,,1.38,,,,,,,110.95,0.00,110.95,0.00,0,,1.09
2020-01-27,109.52,109.63,107.88,108.03,2696175,108.29,,,,,,-1.38,,,,,,,0.00,108.03,,0.00,0,,1.31
2020-01-28,108.67,108.93,107.54,108.54,1840982,108.99,,,,,,-0.12,,,,,,,108.54,0.00,,0.00,0,,0.90
2020-01-29,108.46,109.78,108.22,109.44,1599366,108.23,109.61,109.61,110.91,108.30,-17.94,0.90,111.62,108.03,,,,,109.44,0.00,109.44,0.00,0,,0.78
2020-01-30,108.48,108.48,106.71,107.01,2039436,106.03,109.38,109.38,110.75,108.01,-241.82,-1.37,111.40,107.01,,,,,0.00,107.01,,0.00,0,,0.99
2020-01-31,107.16,107.41,104.83,105.04,2707006,104.84,109.16,109.16,111.08,107.23,-298.88,-2.02,111.40,105.04,,,,,0.00,105.04,,0.00,0,,1.32
2020-02-03,104.74,105.49,104.17,104.64,2381787,105.47,108.94,108.94,111.33,106.55,-251.66,-0.10,111.40,104.64,15.0,100.0,98.09,98.6,0.00,104.64,,0.00,0,,1.16
2020-02-04,105.43,106.30,105.06,106.30,2333942,106.65,108.77,108.77,111.28,106.26,-137.52,0.82,111.40,104.64,10.0,95.0,98.06,98.57,106.30,0.00,,0.00,0,,1.13
2020-02-05,104.60,107.60,103.85,106.99,3891885,106.44,108.61,108.61,111.15,106.08,-89.77,2.23,111.40,104.64,5.0,90.0,98.03,98.54,106.99,0.00,106.99,0.00,0,109.42,1.89
2020-02-06,108.03,108.14,105.14,105.88,3209423,105.70,108.34,108.34,110.83,105.84,-137.91,-2.03,110.95,104.64,0.0,85.0,98.0,98.51,0.00,105.88,,0.00,0,109.31,1.56
2020-02-07,105.61,106.27,104.95,105.51,2464001,105.51,108.16,108.16,110.79,105.53,-140.88,-0.09,110.95,104.64,50.0,80.0,98.3,98.48,0.00,105.51,,0.00,0,109.15,1.20
2020-02-10,105.22,105.96,105.12,105.51,1568163,106.07,107.99,107.99,110.73,105.24,-126.43,0.27,110.95,104.64,45.0,75.0,98.27,98.45,0.00,0.00,,0.00,0,108.95,0.76
2020-02-11,105.81,107.11,104.75,106.62,2472888,106.69,107.84,107.84,110.57,105.12,-62.74,0.76,110.95,104.64,40.0,70.0,98.24,98.42,106.62,0.00,,0.00,0,108.70,1.20
2020-02-12,106.97,107.19,106.16,106.76,1609044,105.58,107.73,107.73,110.46,105.01,-50.13,-0.20,110.95,104.64,35.0,65.0,98.21,98.39,106.76,0.00,106.76,0.00,0,108.41,0.78
2020-02-13,106.33,106.99,104.13,104.40,2634244,104.16,107.49,107.49,110.36,104.63,-151.16,-1.85,110.95,104.40,30.0,100.0,98.18,98.6,0.00,104.40,,0.00,0,108.08,1.28
2020-02-14,104.54,104.93,103.74,103.92,1801701,104.51,107.18,107.18,110.11,104.25,-155.79,-0.60,110.95,103.92,25.0,100.0,98.15,98.6,0.00,103.92,,0.00,0,107.74,0.88
2020-02-17,103.90,105.24,103.68,105.10,1254924,104.60,106.94,106.94,109.80,104.09,-90.29,1.14,110.95,103.92,20.0,95.0,98.12,98.57,105.10,0.00,105.10,0.00,0,107.40,0.61
2020-02-18,104.07,104.36,103.35,104.09,1545626,104.11,106.63,106.63,109.40,103.87,-128.68,0.02,110.95,103.92,15.0,90.0,98.09,98.54,0.00,104.09,,0.00,0,107.07,0.75
2020-02-19,104.29,104.68,103.53,104.13,1511304,103.82,106.38,106.38,109.12,103.64,-115.01,-0.15,110.95,103.92,10.0,85.0,98.06,98.51,104.13,0.00,104.13,0.00,0,106.76,0.73
2020-02-20,104.03,104.85,103.51,103.51,1559382,103.07,106.12,106.12,108.88,103.36,-132.19,-0.50,110.95,103.51,5.0,100.0,98.03,98.6,0.00,103.51,,0.00,0,106.49,0.76
2020-02-21,103.08,103.72,101.89,102.63,2606282,100.47,105.70,105.70,108.18,103.23,-173.84,-0.44,109.44,102.63,0.0,100.0,98.0,98.6,0.00,102.63,,0.00,0,106.26,1.27
2020-02-24,99.86,100.12,97.64,98.30,3847769,97.51,105.22,105.22,108.49,101.94,-295.61,-1.59,109.44,98.30,10.0,100.0,98.06,98.6,0.00,98.30,,0.00,0,106.03,1.87
2020-02-25,98.60,98.75,96.43,96.71,3390545,96.34,104.62,104.62,108.67,100.58,-274.19,-1.95,109.44,96.71,5.0,100.0,98.03,98.6,0.00,96.71,,0.00,0,105.82,1.65
2020-02-26,96.01,96.82,93.36,95.97,5193684,95.09,103.95,103.95,108.50,99.40,-245.41,-0.04,107.01,95.97,0.0,100.0,98.0,98.6,0.00,95.97,,0.00,0,105.61,2.53
2020-02-27,94.02,95.02,92.04,94.21,5478110,92.51,103.31,103.31,108.67,97.95,-237.81,0.20,106.99,94.21,0.0,100.0,98.0,98.6,0.00,94.21,,0.00,0,105.36,2.66
2020-02-28,90.57,91.74,88.57,90.80,8886250,90.04,102.60,102.60,109.19,96.00,-250.46,0.25,106.99,90.80,15.0,100.0,98.09,98.6,0.00,90.80,,0.00,0,105.06,4.32
2020-03-02,90.60,92.80,88.07,89.28,6264869,89.45,101.83,101.83,109.59,94.08,-226.56,-1.48,106.99,89.28,10.0,100.0,98.06,98.6,0.00,89.28,,0.00,0,104.67,3.05
2020-03-03,89.78,92.05,88.92,89.62,5231469,89.61,101.00,101.00,109.48,92.51,-187.66,-0.18,106.99,89.28,5.0,95.0,98.03,98.57,89.62,0.00,89.62,0.00,0,104.19,2.54
2020-03-04,89.52,90.08,88.68,89.59,3976765,88.68,100.13,100.13,109.08,91.17,-164.73,0.08,106.76,89.28,0.0,90.0,98.0,98.54,0.00,89.59,,0.00,0,103.58,1.93
2020-03-05,90.02,90.19,86.80,87.76,4184946,86.34,99.22,99.22,108.75,89.69,-168.33,-2.58,106.76,87.76,20.0,100.0,98.12,98.6,0.00,87.76,,0.00,0,102.83,2.03
2020-03-06,85.74,86.78,84.32,84.92,5704584,81.67,98.19,98.19,108.47,87.91,-180.73,-0.97,106.76,84.92,15.0,100.0,98.09,98.6,0.00,84.92,,0.00,0,101.94,2.77
2020-03-09,77.94,81.02,77.00,78.42,9682024,78.17,96.84,96.84,108.53,85.14,-220.52,0.61,106.76,78.42,10.0,100.0,98.06,98.6,0.00,78.42,,0.00,0,100.90,4.71
2020-03-10,79.43,82.32,77.80,77.92,8586149,77.79,95.40,95.40,108.03,82.77,-193.79,-1.94,106.76,77.92,5.0,100.0,98.03,98.6,0.00,77.92,,0.00,0,99.71,4.17
2020-03-11,78.92,80.41,77.07,77.66,6880594,72.73,93.95,93.95,107.15,80.74,-172.71,-1.62,105.10,77.66,0.0,100.0,98.0,98.6,0.00,77.66,,0.00,0,98.40,3.35
2020-03-12,74.04,74.65,67.80,67.80,12147550,67.80,92.12,92.12,107.17,77.06,-226.13,-9.20,105.10,67.80,10.0,100.0,98.06,98.6,0.00,67.80,,0.00,0,96.98,5.91
2020-03-13,69.84,73.93,66.21,67.80,10496509,66.01,90.31,90.31,106.64,73.98,-193.04,-3.01,105.10,67.80,5.0,100.0,98.03,98.6,0.00,0.00,,0.00,0,95.45,5.10
2020-03-16,63.81,66.71,60.97,64.22,11022132,65.07,88.27,88.27,105.75,70.79,-192.58,0.64,104.13,64.22,0.0,100.0,98.0,98.6,0.00,64.22,,0.00,0,93.83,5.36
2020-03-17,67.49,67.63,61.87,65.91,7881269,62.61,86.36,86.36,104.35,68.36,-159.09,-2.40,104.13,64.22,5.0,95.0,98.03,98.57,65.91,0.00,65.91,0.00,0,92.12,3.83
2020-03-18,63.33,63.79,58.69,59.31,7902696,59.32,84.12,84.12,102.99,65.24,-183.98,-6.78,103.51,59.31,0.0,100.0,98.0,98.6,0.00,59.31,,0.00,0,90.31,3.84
2020-03-19,59.19,62.84,57.26,59.32,5501206,62.30,81.91,81.91,101.17,62.65,-164.20,0.22,102.63,59.31,0.0,95.0,98.0,98.57,59.32,0.00,,0.00,0,88.40,2.67
2020-03-20,62.88,67.20,62.63,65.27,8720991,65.72,80.04,80.04,98.69,61.39,-110.85,3.66,98.30,59.31,0.0,90.0,98.0,98.54,65.27,0.00,,0.00,0,86.37,4.24
2020-03-23,62.35,68.78,61.38,66.16,5973070,69.99,78.43,78.43,96.55,60.32,-94.86,5.76,96.71,59.31,0.0,85.0,98.0,98.51,66.16,0.00,,0.00,0,84.21,2.90
2020-03-24,70.60,73.81,69.85,73.81,6895731,74.15,77.29,77.29,94.41,60.17,-28.44,4.35,95.97,59.31,0.0,80.0,98.0,98.48,73.81,0.00,,0.00,0,81.96,3.35
2020-03-25,75.70,76.48,71.26,74.48,5656416,74.62,76.21,76.21,92.20,60.23,-15.18,-1.64,94.21,59.31,0.0,75.0,98.0,98.45,74.48,0.00,,0.00,0,79.64,2.75
2020-03-26,72.58,75.18,72.15,74.76,4670634,72.92,75.24,75.24,90.09,60.39,-4.53,2.92,90.80,59.31,0.0,70.0,98.0,98.42,74.76,0.00,74.76,0.00,0,77.33,2.27
2020-03-27,72.97,74.12,70.41,71.07,4682288,72.20,74.25,74.25,88.23,60.28,-31.90,-2.67,89.62,59.31,0.0,65.0,98.0,98.39,0.00,71.07,,0.00,0,75.09,2.28
2020-03-30,71.56,73.32,70.26,73.32,3165604,74.40,73.46,73.46,86.52,60.39,-1.46,2.40,89.62,59.31,5.0,60.0,98.03,98.36,73.32,0.00,,0.00,0,73.02,1.54
2020-03-31,74.34,76.90,73.42,75.48,5078327,73.80,72.75,72.75,84.71,60.78,31.96,1.51,89.59,59.31,0.0,55.0,98.0,98.33,75.48,0.00,75.48,0.00,0,71.23,2.47
2020-04-01,73.07,73.39,71.52,72.12,4274737,73.28,71.88,71.88,82.48,61.28,3.23,-1.32,87.76,59.31,0.0,50.0,98.0,98.3,0.00,72.12,,0.00,0,69.79,2.08
2020-04-02,72.05,75.16,71.80,74.43,5029019,74.40,71.21,71.21,80.49,61.93,48.60,3.20,84.92,59.31,0.0,45.0,98.0,98.27,74.43,0.00,74.43,0.00,0,68.78,2.45
2020-04-03,74.17,75.38,73.72,74.37,3277516,77.13,70.68,70.68,78.88,62.49,63.02,0.27,78.42,59.31,0.0,40.0,98.0,98.24,0.00,74.37,,0.00,0,68.19,1.59
2020-04-06,77.84,79.95,77.46,79.89,3990445,81.10,70.76,70.76,79.10,62.41,153.18,2.57,79.89,59.31,100.0,35.0,98.6,98.21,79.89,0.00,,79.10,100.0,68.03,1.94
2020-04-07,82.68,84.46,81.90,82.31,5116911,81.04,70.97,70.97,79.81,62.14,179.59,-0.45,82.31,59.31,100.0,30.0,98.6,98.18,82.31,0.00,82.31,0.00,100.0,68.25,2.49
2020-04-08,81.39,81.39,78.42,79.77,3876088,79.51,71.08,71.08,80.10,62.06,134.82,-2.03,82.31,59.31,95.0,25.0,98.57,98.15,0.00,79.77,,-80.10,0,68.79,1.88
2020-04-09,80.63,81.69,78.34,79.25,4318461,79.96,71.65,71.65,80.95,62.35,114.34,-1.74,82.31,59.31,90.0,20.0,98.54,98.12,0.00,79.25,,0.00,0,69.54,2.10
2020-04-14,80.51,81.55,79.26,80.66,2715462,78.60,72.30,72.30,81.91,62.68,121.75,0.19,82.31,59.31,85.0,15.0,98.51,98.09,80.66,0.00,80.66,0.00,0,70.43,1.32
2020-04-15,80.67,80.74,76.01,76.54,3960255,76.17,72.91,72.91,82.23,63.59,54.50,-5.40,82.31,59.31,80.0,10.0,98.48,98.06,0.00,76.54,,0.00,0,71.38,1.93
2020-04-16,77.40,77.61,75.22,75.79,3380510,77.12,73.41,73.41,82.47,64.34,36.83,-2.12,82.31,59.31,75.0,5.0,98.45,98.03,0.00,75.79,,0.00,0,72.35,1.64
2020-04-17,78.43,80.43,78.17,78.44,4552456,78.65,74.36,74.36,82.26,66.46,72.28,0.01,82.31,59.32,70.0,0.0,98.42,98.0,78.44,0.00,,0.00,0,73.28,2.21
2020-04-20,79.34,79.55,76.45,78.86,2780457,77.20,75.34,75.34,81.60,69.08,78.76,-0.61,82.31,65.27,65.0,0.0,98.39,98.0,78.86,0.00,78.86,0.00,0,74.15,1.35
2020-04-21,78.01,78.12,74.80,75.54,3603011,76.26,75.85,75.85,81.16,70.54,-8.24,-3.27,82.31,66.16,60.0,0.0,98.36,98.0,0.00,75.54,,0.00,0,74.96,1.75
2020-04-22,76.29,77.22,75.61,76.98,2791824,77.55,76.39,76.39,80.64,72.15,19.35,0.90,82.31,71.07,55.0,0.0,98.33,98.0,76.98,0.00,,0.00,0,75.69,1.36
2020-04-23,77.26,78.47,76.18,78.11,2693909,77.27,76.61,76.61,80.80,72.42,50.21,1.09,82.31,71.07,50.0,15.0,98.3,98.09,78.11,0.00,78.11,0.00,0,76.34,1.31
2020-04-24,76.87,78.32,76.29,76.42,2830696,78.04,76.71,76.71,80.83,72.58,-9.68,-0.59,82.31,71.07,45.0,10.0,98.27,98.06,0.00,76.42,,0.00,0,76.89,1.38
2020-04-27,78.14,79.68,77.79,79.65,2691959,81.18,76.95,76.95,81.12,72.78,90.55,1.90,82.31,71.07,40.0,5.0,98.24,98.03,79.65,0.00,,0.00,0,77.34,1.31
2020-04-28,79.65,83.40,79.55,82.70,4364395,84.15,77.53,77.53,81.60,73.46,177.75,3.69,82.70,72.12,100.0,0.0,98.6,98.0,82.70,0.00,,81.60,100.0,77.68,2.12
2020-04-29,82.72,86.00,82.32,85.60,3449532,84.05,78.15,78.15,82.69,73.60,229.50,3.36,85.60,72.12,100.0,10.0,98.6,98.06,85.60,0.00,85.60,0.00,100.0,77.91,1.68
2020-04-30,86.51,86.70,82.09,82.50,4575460,80.61,78.50,78.50,83.15,73.84,120.46,-4.86,85.60,72.12,95.0,5.0,98.57,98.03,0.00,82.50,,-83.15,0,78.05,2.22
2020-05-04,80.28,80.53,78.15,78.72,3778433,80.04,78.83,78.83,82.98,74.68,-3.59,-1.98,85.60,74.37,90.0,0.0,98.54,98.0,0.00,78.72,,0.00,0,78.12,1.84
2020-05-05,80.28,81.49,79.22,81.35,2710532,80.85,79.17,79.17,83.13,75.22,77.06,1.32,85.60,74.37,85.0,5.0,98.51,98.03,81.35,0.00,81.35,0.00,0,78.16,1.32
2020-05-06,81.45,81.70,79.99,80.35,1991219,81.25,79.47,79.47,83.11,75.83,33.81,-1.37,85.60,75.54,80.0,0.0,98.48,98.0,0.00,80.35,,0.00,0,78.20,0.97
2020-05-07,79.64,82.14,79.40,82.14,2584259,84.10,79.58,79.58,83.31,75.85,95.91,3.04,85.60,75.54,75.0,45.0,98.45,98.27,82.14,0.00,,0.00,0,78.29,1.26
2020-05-08,85.26,87.80,83.88,86.06,4559752,85.96,79.77,79.77,83.94,75.60,211.01,0.93,86.06,75.54,100.0,40.0,98.6,98.24,86.06,0.00,86.06,83.94,100.0,78.45,2.22
2020-05-11,87.09,87.80,85.07,85.86,2753249,85.73,80.08,80.08,84.66,75.49,176.54,-1.43,86.06,75.54,95.0,35.0,98.57,98.21,0.00,85.86,,0.00,0,78.69,1.34
2020-05-12,85.23,86.08,84.47,85.60,2292179,84.74,80.39,80.39,85.28,75.50,149.07,0.43,86.06,75.54,90.0,30.0,98.54,98.18,0.00,85.60,,0.00,0,79.01,1.11
2020-05-13,84.29,84.97,83.08,83.88,2788298,82.93,80.55,80.55,85.56,75.54,92.92,-0.49,86.06,75.54,85.0,25.0,98.51,98.15,0.00,83.88,,-85.56,0,79.40,1.36
2020-05-14,82.81,83.72,80.13,81.98,3240074,82.95,80.83,80.83,85.67,75.98,33.31,-1.01,86.06,75.54,80.0,20.0,98.48,98.12,0.00,81.98,,0.00,0,79.85,1.58
2020-05-15,82.76,84.77,82.56,83.92,3138850,86.47,81.23,81.23,85.87,76.59,81.08,1.38,86.06,75.54,75.0,15.0,98.45,98.09,83.92,0.00,,0.00,0,80.32,1.53
2020-05-18,85.99,89.23,85.66,89.02,3940974,89.74,81.76,81.76,86.90,76.62,197.76,3.40,89.02,75.54,100.0,10.0,98.6,98.06,89.02,0.00,,86.90,100.0,80.81,1.92
2020-05-19,90.83,90.90,87.72,90.45,3950680,91.18,82.34,82.34,88.05,76.63,198.74,-0.42,90.45,75.54,100.0,5.0,98.6,98.03,90.45,0.00,,0.00,100.0,81.29,1.92
2020-05-20,89.98,92.35,89.36,91.90,2360937,91.59,83.16,83.16,89.15,77.17,204.24,2.09,91.90,76.42,100.0,0.0,98.6,98.0,91.90,0.00,91.90,0.00,100.0,81.76,1.15
2020-05-21,91.00,92.49,90.40,91.28,1537702,91.24,83.87,83.87,90.01,77.73,168.84,0.31,91.90,76.42,95.0,10.0,98.57,98.06,0.00,91.28,,0.00,0,82.22,0.75
2020-05-22,89.83,92.01,89.56,91.19,1768283,92.35,84.53,84.53,90.77,78.29,149.50,1.49,91.90,76.42,90.0,5.0,98.54,98.03,0.00,91.19,,0.00,0,82.69,0.86
2020-05-25,92.04,93.56,91.06,93.51,1503189,94.69,85.38,85.38,91.62,79.14,182.31,1.57,93.51,78.72,100.0,0.0,98.6,98.0,93.51,0.00,,0.00,100.0,83.18,0.73
2020-05-26,94.99,96.24,94.19,95.87,2730936,96.15,86.19,86.19,92.94,79.45,200.72,0.92,95.87,78.72,100.0,20.0,98.6,98.12,95.87,0.00,,0.00,100.0,83.70,1.33
2020-05-27,96.12,98.38,95.63,96.43,2611695,96.49,86.88,86.88,94.24,79.52,181.73,0.32,96.43,78.72,100.0,15.0,98.6,98.09,96.43,0.00,,0.00,100.0,84.27,1.27
2020-05-28,96.96,97.10,95.67,96.54,2485258,96.27,87.43,87.43,95.36,79.49,160.78,-0.44,96.54,78.72,100.0,10.0,98.6,98.06,96.54,0.00,96.54,0.00,100.0,84.91,1.21
2020-05-29,95.46,97.17,95.12,95.99,3760943,97.69,88.10,88.10,96.29,79.91,134.83,0.55,96.54,78.72,95.0,5.0,98.57,98.03,0.00,95.99,,-96.29,0,85.62,1.83
2020-06-02,97.82,99.51,97.62,99.39,3405614,100.84,89.14,89.14,97.44,80.83,172.90,1.58,99.39,80.35,100.0,0.0,98.6,98.0,99.39,0.00,,97.44,100.0,86.41,1.66
2020-06-03,100.06,102.51,99.34,102.28,3392156,102.12,90.18,90.18,99.03,81.34,191.47,2.17,102.28,80.35,100.0,5.0,98.6,98.03,102.28,0.00,102.28,0.00,100.0,87.28,1.65
2020-06-04,101.71,103.21,101.03,101.95,3376997,103.85,91.26,91.26,100.22,82.31,167.13,0.24,102.28,81.98,95.0,0.0,98.57,98.0,0.00,101.95,,0.00,0,88.23,1.64
2020-06-05,103.17,106.16,102.75,105.75,3909266,105.55,92.44,92.44,101.95,82.94,196.00,2.44,105.75,81.98,100.0,25.0,98.6,98.15,105.75,0.00,105.75,0.00,100.0,89.25,1.90
2020-06-08,104.54,106.62,103.58,105.34,2340060,104.77,93.41,93.41,103.48,83.34,165.92,0.76,105.75,81.98,95.0,20.0,98.57,98.12,0.00,105.34,,0.00,0,90.31,1.14
2020-06-09,105.22,105.90,102.92,104.19,2855644,103.41,94.32,94.32,104.61,84.04,134.31,-0.99,105.75,81.98,90.0,15.0,98.54,98.09,0.00,104.19,,-104.61,0,91.41,1.39
2020-06-10,104.83,105.84,102.12,102.63,2476501,99.60,95.17,95.17,105.35,85.00,102.57,-2.14,105.75,81.98,85.0,10.0,98.51,98.06,0.00,102.63,,0.00,0,92.54,1.20
2020-06-11,99.65,99.65,96.56,96.56,4136708,96.29,95.81,95.81,105.28,86.33,11.10,-3.20,105.75,81.98,80.0,5.0,98.48,98.03,0.00,96.56,,0.00,0,93.69,2.01
2020-06-12,95.60,98.63,94.99,96.02,3099229,95.48,96.51,96.51,104.82,88.20,-8.27,0.44,105.75,83.92,75.0,0.0,98.45,98.0,0.00,96.02,,0.00,0,94.84,1.51
2020-06-15,92.72,95.95,92.37,94.94,2298126,96.84,97.06,97.06,104.29,89.83,-41.07,2.34,105.75,89.02,70.0,0.0,98.42,98.0,0.00,94.94,,0.00,0,95.96,1.12
2020-06-16,97.27,99.84,96.31,98.73,3770358,99.24,97.55,97.55,104.29,90.81,24.57,1.48,105.75,90.45,65.0,0.0,98.39,98.0,98.73,0.00,,0.00,0,97.03,1.83
2020-06-17,98.75,100.95,98.30,99.75,2369804,99.89,98.01,98.01,104.36,91.66,38.33,1.00,105.75,91.19,60.0,0.0,98.36,98.0,99.75,0.00,,0.00,0,98.02,1.15
2020-06-18,99.18,101.87,98.89,100.02,2449420,100.59,98.42,98.42,104.46,92.38,37.12,0.84,105.75,91.19,55.0,10.0,98.33,98.06,100.02,0.00,,0.00,0,98.89,1.19
2020-06-19,100.33,102.20,100.13,101.15,6638775,100.56,98.91,98.91,104.53,93.30,55.82,0.81,105.75,91.19,50.0,5.0,98.3,98.03,101.15,0.00,101.15,0.00,0,99.61,3.23
2020-06-22,100.33,101.44,99.32,99.96,1857497,100.64,99.35,99.35,104.36,94.34,17.05,-0.37,105.75,93.51,45.0,0.0,98.27,98.0,0.00,99.96,,0.00,0,100.14,0.90
2020-06-23,100.43,102.61,99.84,101.32,2075756,99.99,99.74,99.74,104.39,95.09,47.52,0.88,105.75,94.94,40.0,0.0,98.24,98.0,101.32,0.00,101.32,0.00,0,100.47,1.01
2020-06-24,101.09,101.65,98.62,98.65,1463959,99.07,99.88,99.88,104.37,95.39,-38.30,-2.47,105.75,94.94,35.0,65.0,98.21,98.39,0.00,98.65,,0.00,0,100.61,0.71
2020-06-25,98.30,100.21,97.18,99.49,1764133,99.36,100.03,100.03,104.38,95.68,-17.45,1.20,105.75,94.94,30.0,60.0,98.18,98.36,99.49,0.00,99.49,0.00,0,100.59,0.86
2020-06-26,100.64,102.06,99.22,99.22,1625039,100.13,100.17,100.17,104.37,95.96,-31.49,-1.43,105.75,94.94,25.0,55.0,98.15,98.33,0.00,99.22,,0.00,0,100.44,0.79
2020-06-29,98.69,102.08,98.69,101.03,2070067,101.55,100.42,100.42,104.40,96.44,21.50,2.32,105.75,94.94,20.0,50.0,98.12,98.3,101.03,0.00,,0.00,0,100.21,1.01
2020-06-30,101.23,102.36,100.52,102.06,1784282,101.69,100.55,100.55,104.55,96.55,52.80,0.81,105.75,94.94,15.0,45.0,98.09,98.27,102.06,0.00,102.06,0.00,0,99.96,0.87
2020-07-01,100.70,102.53,100.10,101.32,1411517,102.57,100.50,100.50,104.47,96.54,28.80,0.61,105.75,94.94,10.0,40.0,98.06,98.24,0.00,101.32,,0.00,0,99.75,0.69
2020-07-02,102.36,104.69,101.79,103.82,1906678,103.57,100.60,100.60,104.68,96.52,110.61,1.41,105.75,94.94,5.0,35.0,98.03,98.21,103.82,0.00,103.82,0.00,0,99.61,0.93
2020-07-03,103.76,104.07,102.71,103.31,906191,104.24,100.48,100.48,104.30,96.65,103.77,-0.44,105.34,94.94,0.0,30.0,98.0,98.18,0.00,103.31,,0.00,0,99.54,0.44
2020-07-06,105.03,105.98,104.36,105.16,1443444,105.25,100.47,100.47,104.27,96.67,172.87,0.12,105.16,94.94,0.0,25.0,98.0,98.15,105.16,0.00,,104.27,0,99.56,0.70
2020-07-07,104.58,105.71,104.29,105.34,1120444,104.21,100.52,100.52,104.46,96.59,171.48,0.72,105.34,94.94,100.0,20.0,98.6,98.12,105.34,0.00,105.34,0.00,100.0,99.66,0.54
2020-07-08,104.52,105.84,103.08,103.08,1742822,103.04,100.55,100.55,104.51,96.59,89.58,-1.40,105.34,94.94,95.0,15.0,98.57,98.09,0.00,103.08,,-104.51,0,99.84,0.85
2020-07-09,103.84,104.93,102.65,103.00,1605291,104.11,100.87,100.87,104.67,97.07,78.52,-0.82,105.34,94.94,90.0,10.0,98.54,98.06,0.00,103.00,,0.00,0,100.07,0.78
2020-07-10,102.71,105.65,102.41,105.22,1796971,105.81,101.33,101.33,105.01,97.65,148.08,2.39,105.34,94.94,85.0,5.0,98.51,98.03,105.22,0.00,,105.01,0,100.34,0.87
2020-07-13,106.19,107.07,105.30,106.39,1432198,106.69,101.90,101.90,105.26,98.54,187.02,0.19,106.39,98.65,100.0,0.0,98.6,98.0,106.39,0.00,,0.00,100.0,100.65,0.70
2020-07-14,104.93,106.99,104.48,106.99,1772153,108.06,102.31,102.31,105.86,98.77,184.61,1.93,106.99,98.65,100.0,30.0,98.6,98.18,106.99,0.00,,0.00,100.0,101.01,0.86
2020-07-15,107.15,110.29,106.88,109.12,2340301,109.25,102.78,102.78,106.81,98.75,220.29,1.81,109.12,98.65,100.0,25.0,98.6,98.15,109.12,0.00,,0.00,100.0,101.39,1.14
2020-07-16,108.14,109.96,106.80,109.37,1758662,109.31,103.25,103.25,107.66,98.84,194.23,1.12,109.37,98.65,100.0,20.0,98.6,98.12,109.37,0.00,109.37,0.00,100.0,101.81,0.86
2020-07-17,108.84,109.72,108.32,109.25,1919798,110.14,103.66,103.66,108.39,98.92,165.58,0.38,109.37,98.65,95.0,15.0,98.57,98.09,0.00,109.25,,0.00,0,102.25,0.93
2020-07-20,108.92,111.30,108.24,111.03,1457709,111.80,104.21,104.21,109.30,99.11,187.47,1.90,111.03,98.65,100.0,10.0,98.6,98.06,111.03,0.00,,0.00,100.0,102.72,0.71
2020-07-21,112.04,114.09,111.83,112.57,2613910,112.31,104.77,104.77,110.40,99.15,194.08,0.47,112.57,98.65,100.0,5.0,98.6,98.03,112.57,0.00,112.57,0.00,100.0,103.21,1.27
2020-07-22,112.18,112.90,111.22,112.04,1565661,111.99,105.44,105.44,111.12,99.76,162.54,-0.12,112.57,99.22,95.0,0.0,98.57,98.0,0.00,112.04,,0.00,0,103.73,0.76
2020-07-23,111.77,112.64,111.03,111.94,1433412,110.91,106.06,106.06,111.74,100.39,144.96,0.15,112.57,99.22,90.0,5.0,98.54,98.03,0.00,111.94,,0.00,0,104.26,0.70
2020-07-24,110.73,111.01,109.64,109.88,1299579,110.13,106.60,106.60,111.92,101.28,86.42,-0.77,112.57,101.03,85.0,0.0,98.51,98.0,0.00,109.88,,-111.92,0,104.83,0.63
2020-07-27,109.02,111.09,108.67,110.38,1037480,110.75,107.06,107.06,112.18,101.95,90.83,1.23,112.57,101.32,80.0,0.0,98.48,98.0,110.38,0.00,,0.00,0,105.42,0.50
2020-07-28,110.40,111.53,109.70,111.11,1071472,111.36,107.52,107.52,112.50,102.53,101.00,0.64,112.57,101.32,75.0,5.0,98.45,98.03,111.11,0.00,,0.00,0,106.05,0.52
2020-07-29,111.07,111.92,110.72,111.61,1367655,109.31,108.03,108.03,112.73,103.34,106.75,0.48,112.57,103.00,70.0,0.0,98.42,98.0,111.61,0.00,111.61,0.00,0,106.70,0.66
2020-07-30,111.42,111.46,105.57,107.01,2499578,106.27,108.19,108.19,112.69,103.69,-36.70,-4.12,112.57,103.00,65.0,25.0,98.39,98.15,0.00,107.01,,0.00,0,107.36,1.22
2020-07-31,106.60,108.01,105.36,105.53,2048592,107.33,108.30,108.30,112.60,104.00,-90.16,-1.01,112.57,103.00,60.0,20.0,98.36,98.12,0.00,105.53,,0.00,0,108.01,1.00
2020-08-03,105.61,109.92,105.61,109.12,1831534,108.42,108.50,108.50,112.68,104.32,20.79,3.22,112.57,103.00,55.0,15.0,98.33,98.09,109.12,0.00,109.12,0.00,0,108.62,0.89
2020-08-04,109.88,110.81,107.68,107.71,1577821,108.45,108.62,108.62,112.68,104.56,-31.29,-2.01,112.57,103.00,50.0,10.0,98.3,98.06,0.00,107.71,,0.00,0,109.16,0.77
2020-08-05,107.93,109.64,107.77,109.18,1429196,110.07,108.92,108.92,112.55,105.29,9.93,1.14,112.57,103.00,45.0,5.0,98.27,98.03,109.18,0.00,,0.00,0,109.60,0.69
2020-08-06,112.04,114.18,109.53,110.95,2870542,111.96,109.32,109.32,112.43,106.21,73.47,-0.98,112.57,105.22,40.0,0.0,98.24,98.0,110.95,0.00,,0.00,0,109.93,1.40
2020-08-07,111.07,114.18,110.97,112.96,1925289,112.86,109.71,109.71,112.70,106.71,152.06,1.67,112.96,105.53,100.0,0.0,98.6,98.0,112.96,0.00,112.96,112.70,100.0,110.13,0.94
2020-08-10,113.27,113.97,112.59,112.76,1223466,113.59,110.03,110.03,112.96,107.10,130.64,-0.45,112.96,105.53,95.0,70.0,98.57,98.42,0.00,112.76,,-112.96,0,110.21,0.59
2020-08-11,113.40,115.31,113.40,114.42,1928392,114.88,110.40,110.40,113.45,107.34,184.25,0.89,114.42,105.53,100.0,65.0,98.6,98.39,114.42,0.00,,113.45,100.0,110.19,0.94
2020-08-12,113.81,115.76,113.46,115.33,1458151,114.88,110.71,110.71,114.10,107.32,190.94,1.32,115.33,105.53,100.0,60.0,98.6,98.36,115.33,0.00,115.33,0.00,100.0,110.11,0.71
2020-08-13,115.16,116.03,114.36,114.42,1312878,113.83,110.96,110.96,114.51,107.41,136.50,-0.65,115.33,105.53,95.0,55.0,98.57,98.33,0.00,114.42,,-114.51,0,109.99,0.64
2020-08-14,113.99,114.57,112.57,113.23,1065652,113.33,111.16,111.16,114.73,107.59,81.23,-0.67,115.33,105.53,90.0,50.0,98.54,98.3,0.00,113.23,,0.00,0,109.89,0.52
2020-08-17,112.92,114.50,112.92,113.42,1005951,113.54,111.28,111.28,114.92,107.64,82.40,0.44,115.33,105.53,85.0,45.0,98.51,98.27,113.42,0.00,,0.00,0,109.84,0.49
2020-08-18,113.13,114.94,112.78,113.66,1208452,114.32,111.33,111.33,115.03,107.64,88.19,0.47,115.33,105.53,80.0,40.0,98.48,98.24,113.66,0.00,,0.00,0,109.88,0.59
2020-08-19,113.38,115.04,113.09,114.98,947930,114.18,111.48,111.48,115.34,107.62,126.85,1.39,115.33,105.53,75.0,35.0,98.45,98.21,114.98,0.00,114.98,0.00,0,110.04,0.46
2020-08-20,113.68,113.83,112.49,113.37,1063840,113.17,111.55,111.55,115.46,107.65,65.18,-0.27,115.33,105.53,70.0,30.0,98.42,98.18,0.00,113.37,,0.00,0,110.31,0.52
2020-08-21,113.62,114.30,111.40,112.96,1627770,114.59,111.71,111.71,115.59,107.82,45.16,-0.58,115.33,105.53,65.0,25.0,98.39,98.15,0.00,112.96,,0.00,0,110.68,0.79
2020-08-24,113.60,116.21,113.60,116.21,1612227,115.90,112.00,112.00,116.10,107.89,143.64,2.25,116.21,105.53,100.0,20.0,98.6,98.12,116.21,0.00,116.21,116.10,100.0,111.13,0.78
2020-08-25,116.41,116.97,115.47,115.59,1365089,116.30,112.22,112.22,116.46,107.98,111.15,-0.71,116.21,105.53,95.0,15.0,98.57,98.09,0.00,115.59,,-116.46,0,111.61,0.66
2020-08-26,115.55,117.05,114.87,117.01,1093423,116.57,112.49,112.49,116.98,108.00,140.82,1.25,117.01,105.53,100.0,10.0,98.6,98.06,117.01,0.00,117.01,116.98,100.0,112.11,0.53
2020-08-27,116.91,117.55,115.90,116.13,1291270,115.66,112.95,112.95,117.19,108.70,104.97,-0.67,117.01,105.53,95.0,5.0,98.57,98.03,0.00,116.13,,-117.19,0,112.58,0.63
2020-08-28,116.48,117.03,114.98,115.18,1593671,113.93,113.43,113.43,116.95,109.91,69.65,-1.13,117.01,107.71,90.0,0.0,98.54,98.0,0.00,115.18,,0.00,0,113.00,0.77
2020-08-31,115.41,115.94,112.64,112.68,1957078,113.27,113.61,113.61,116.84,110.37,-40.15,-2.42,117.01,107.71,85.0,5.0,98.51,98.03,0.00,112.68,,0.00,0,113.36,0.95
2020-09-01,113.79,114.71,112.14,113.85,1660362,114.95,113.91,113.91,116.50,111.33,-3.49,0.05,117.01,109.18,80.0,0.0,98.48,98.0,113.85,0.00,,0.00,0,113.66,0.81
2020-09-02,114.44,116.83,114.16,116.05,2201662,114.94,114.26,114.26,116.40,112.11,117.01,1.39,117.01,110.95,75.0,0.0,98.45,98.0,116.05,0.00,116.05,0.00,0,113.92,1.07
2020-09-03,116.42,117.22,113.01,113.83,2260927,113.28,114.40,114.40,116.26,112.55,-43.15,-2.28,117.01,112.68,70.0,0.0,98.42,98.0,0.00,113.83,,0.00,0,114.13,1.10
2020-09-04,113.07,115.22,111.53,112.72,2048237,113.48,114.39,114.39,116.27,112.51,-124.59,-0.31,117.01,112.68,65.0,80.0,98.39,98.48,0.00,112.72,,0.00,0,114.31,1.00
2020-09-07,113.01,114.63,112.72,114.24,1049626,113.36,114.46,114.46,116.26,112.66,-17.43,1.08,117.01,112.68,60.0,75.0,98.36,98.45,114.24,0.00,114.24,0.00,0,114.46,0.51
2020-09-08,114.26,114.30,111.57,112.47,1779804,113.79,114.37,114.37,116.27,112.46,-139.38,-1.59,117.01,112.47,55.0,100.0,98.33,98.6,0.00,112.47,,0.00,0,114.59,0.87
2020-09-09,112.64,115.29,112.64,115.10,1426686,114.85,114.36,114.36,116.25,112.46,55.06,2.14,117.01,112.47,50.0,95.0,98.3,98.57,115.10,0.00,115.10,0.00,0,114.69,0.69
2020-09-10,115.41,116.21,113.74,114.59,1365432,114.37,114.36,114.36,116.26,112.47,16.73,-0.72,117.01,112.47,45.0,90.0,98.27,98.54,0.00,114.59,,0.00,0,114.75,0.66
2020-09-11,114.85,114.85,113.38,114.14,1383940,113.99,114.41,114.41,116.27,112.55,-20.24,-0.62,117.01,112.47,40.0,85.0,98.24,98.51,0.00,114.14,,0.00,0,114.78,0.67
2020-09-14,114.96,115.51,113.56,113.83,1175283,113.86,114.43,114.43,116.27,112.59,-45.55,-0.99,117.01,112.47,35.0,80.0,98.21,98.48,0.00,113.83,,0.00,0,114.76,0.57
2020-09-15,113.74,114.34,112.96,113.89,1748615,114.76,114.44,114.44,116.27,112.61,-42.06,0.13,117.01,112.47,30.0,75.0,98.18,98.45,113.89,0.00,,0.00,0,114.70,0.85
2020-09-16,113.85,115.63,113.48,115.63,1610631,115.81,114.47,114.47,116.34,112.61,86.83,1.54,117.01,112.47,25.0,70.0,98.15,98.42,115.63,0.00,,0.00,0,114.62,0.78
2020-09-17,114.50,116.27,113.91,115.98,1469476,115.30,114.60,114.60,116.49,112.72,102.24,1.28,117.01,112.47,20.0,65.0,98.12,98.39,115.98,0.00,115.98,0.00,0,114.51,0.71
2020-09-18,115.90,116.56,114.61,114.61,5606184,111.94,114.69,114.69,116.49,112.88,-5.93,-1.13,117.01,112.47,15.0,60.0,98.09,98.36,0.00,114.61,,0.00,0,114.41,2.73
2020-09-21,114.61,114.94,108.40,109.27,3303774,109.69,114.34,114.34,116.75,111.93,-294.80,-4.89,117.01,109.27,10.0,100.0,98.06,98.6,0.00,109.27,,0.00,0,114.31,1.61
2020-09-22,109.41,111.22,109.31,110.11,2139666,109.78,114.07,114.07,116.77,111.36,-204.61,0.64,117.01,109.27,5.0,95.0,98.03,98.57,110.11,0.00,110.11,0.00,0,114.22,1.04
2020-09-23,112.64,112.74,109.33,109.45,1778583,110.02,113.69,113.69,116.57,110.80,-205.50,-2.91,116.13,109.27,0.0,90.0,98.0,98.54,0.00,109.45,,0.00,0,114.16,0.86
2020-09-24,108.14,111.11,107.85,110.58,2050386,109.70,113.41,113.41,116.33,110.49,-135.45,2.21,116.05,109.27,0.0,85.0,98.0,98.51,110.58,0.00,110.58,0.00,0,114.12,1.00
2020-09-25,110.81,110.89,106.82,108.81,2757837,107.97,113.09,113.09,116.29,109.90,-187.63,-1.84,116.05,108.81,15.0,100.0,98.09,98.6,0.00,108.81,,0.00,0,114.07,1.34
2020-09-28,102.30,107.75,101.32,107.13,5926041,106.49,112.81,112.81,116.51,109.11,-215.03,4.51,116.05,107.13,10.0,100.0,98.06,98.6,0.00,107.13,,0.00,0,114.01,2.88
2020-09-29,107.03,108.03,105.84,105.84,1992445,105.47,112.41,112.41,116.69,108.14,-215.30,-1.12,116.05,105.84,5.0,100.0,98.03,98.6,0.00,105.84,,0.00,0,113.90,0.97
2020-09-30,105.26,106.18,105.03,105.10,1864002,104.51,111.87,111.87,116.54,107.20,-202.85,-0.15,115.98,105.10,0.0,100.0,98.0,98.6,0.00,105.10,,0.00,0,113.73,0.91
2020-10-01,105.81,106.00,103.84,103.92,1610917,103.54,111.37,111.37,116.61,106.13,-199.21,-1.82,115.98,103.92,50.0,100.0,98.3,98.6,0.00,103.92,,0.00,0,113.48,0.78
2020-10-02,102.51,103.64,102.32,103.16,1568290,103.86,110.89,110.89,116.70,105.09,-186.45,0.63,115.98,103.16,45.0,100.0,98.27,98.6,0.00,103.16,,0.00,0,113.13,0.76
2020-10-05,103.47,104.87,103.19,104.56,1264709,105.34,110.41,110.41,116.43,104.39,-136.07,1.04,115.98,103.16,40.0,95.0,98.24,98.57,104.56,0.00,,0.00,0,112.67,0.61
2020-10-06,104.99,106.72,103.97,106.12,1436010,106.28,110.09,110.09,116.21,103.97,-90.84,1.06,115.98,103.16,35.0,90.0,98.21,98.54,106.12,0.00,,0.00,0,112.10,0.70
2020-10-07,105.88,106.62,105.49,106.43,1516412,107.21,109.66,109.66,115.65,103.67,-75.45,0.52,115.98,103.16,30.0,85.0,98.18,98.51,106.43,0.00,,0.00,0,111.45,0.74
2020-10-08,106.70,108.14,106.04,107.99,1727902,108.34,109.33,109.33,115.11,103.55,-32.39,1.19,115.98,103.16,25.0,80.0,98.15,98.48,107.99,0.00,,0.00,0,110.73,0.84
2020-10-09,108.14,108.88,107.54,108.69,1466245,109.12,109.06,109.06,114.62,103.49,-9.19,0.51,115.98,103.16,20.0,75.0,98.12,98.45,108.69,0.00,,0.00,0,109.97,0.71
2020-10-12,108.47,109.90,107.97,109.55,1258860,108.97,108.84,108.84,114.18,103.50,18.59,0.99,115.98,103.16,15.0,70.0,98.09,98.42,109.55,0.00,109.55,0.00,0,109.21,0.61
2020-10-13,109.78,109.99,107.60,108.38,1315754,108.95,108.57,108.57,113.64,103.49,-5.12,-1.29,115.98,103.16,10.0,65.0,98.06,98.39,0.00,108.38,,0.00,0,108.48,0.64
2020-10-14,108.55,109.88,108.53,109.51,977599,108.02,108.26,108.26,112.79,103.73,38.68,0.88,115.98,103.16,5.0,60.0,98.03,98.36,109.51,0.00,109.51,0.00,0,107.82,0.48
2020-10-15,108.32,108.32,105.14,106.53,2003757,107.32,107.79,107.79,111.55,104.02,-46.73,-1.68,114.61,103.16,0.0,55.0,98.0,98.33,0.00,106.53,,0.00,0,107.26,0.97
2020-10-16,106.55,108.32,106.14,108.10,1741530,107.86,107.46,107.46,110.49,104.43,29.52,1.43,110.58,103.16,0.0,50.0,98.0,98.3,108.10,0.00,108.10,0.00,0,106.85,0.85
2020-10-19,108.24,109.57,106.88,107.62,1041721,107.76,107.38,107.38,110.35,104.41,11.36,-0.58,110.58,103.16,15.0,45.0,98.09,98.27,0.00,107.62,,0.00,0,106.57,0.51
2020-10-20,106.78,108.49,106.35,107.89,1305059,106.89,107.27,107.27,110.11,104.43,30.69,1.03,110.58,103.16,10.0,40.0,98.06,98.24,107.89,0.00,107.89,0.00,0,106.44,0.63
2020-10-21,108.51,108.63,105.59,105.88,1419356,106.05,107.09,107.09,109.86,104.32,-61.04,-2.48,110.58,103.16,5.0,35.0,98.03,98.21,0.00,105.88,,0.00,0,106.45,0.69
2020-10-22,105.40,106.53,104.29,106.21,1671311,106.53,106.87,106.87,109.40,104.34,-36.52,0.76,109.55,103.16,0.0,30.0,98.0,98.18,106.21,0.00,,0.00,0,106.58,0.81
2020-10-23,105.55,107.42,105.24,106.84,1172258,105.80,106.77,106.77,109.22,104.32,3.85,1.21,109.55,103.16,55.0,25.0,98.33,98.15,106.84,0.00,106.84,0.00,0,106.77,0.57
2020-10-26,106.60,106.88,104.75,104.75,1680455,104.27,106.65,106.65,109.18,104.13,-105.41,-1.77,109.55,103.16,50.0,20.0,98.3,98.12,0.00,104.75,,0.00,0,107.01,0.82
2020-10-27,104.99,105.01,103.04,103.78,2029173,100.65,106.55,106.55,109.22,103.88,-145.03,-1.17,109.55,103.16,45.0,15.0,98.27,98.09,0.00,103.78,,0.00,0,107.23,0.99
2020-10-28,101.25,101.56,96.63,97.52,3466579,97.79,106.17,106.17,110.05,102.29,-312.19,-3.82,109.55,97.52,40.0,100.0,98.24,98.6,0.00,97.52,,0.00,0,107.41,1.69
2020-10-29,97.32,98.95,96.14,98.05,2584169,98.08,105.88,105.88,110.48,101.28,-238.27,0.74,109.55,97.52,35.0,95.0,98.21,98.57,98.05,0.00,,0.00,0,107.52,1.26
2020-10-30,96.08,98.83,95.97,98.11,1876105,99.43,105.63,105.63,110.77,100.48,-204.44,2.07,109.55,97.52,30.0,90.0,98.18,98.54,98.11,0.00,,0.00,0,107.52,0.91
2020-11-02,98.91,101.40,97.78,100.74,1512346,102.14,105.43,105.43,110.80,100.07,-122.56,1.82,109.55,97.52,25.0,85.0,98.15,98.51,100.74,0.00,,0.00,0,107.40,0.74
2020-11-03,101.73,103.64,101.19,103.54,1834515,104.12,105.31,105.31,110.69,99.92,-45.86,1.75,109.55,97.52,20.0,80.0,98.12,98.48,103.54,0.00,,0.00,0,107.16,0.89
2020-11-04,102.49,105.59,101.07,104.69,2496522,105.97,105.22,105.22,110.60,99.84,-13.75,2.10,109.55,97.52,15.0,75.0,98.09,98.45,104.69,0.00,,0.00,0,106.81,1.21
2020-11-05,105.20,107.73,104.77,107.25,2068549,106.55,105.18,105.18,110.53,99.84,54.18,1.91,109.55,97.52,10.0,70.0,98.06,98.42,107.25,0.00,107.25,0.00,0,106.33,1.01
2020-11-06,106.62,106.97,104.32,105.84,1919822,109.66,105.04,105.04,110.26,99.81,21.46,-0.74,109.55,97.52,5.0,65.0,98.03,98.39,0.00,105.84,,0.00,0,105.77,0.93
2020-11-09,108.03,116.23,107.19,113.48,5067031,114.42,105.24,105.24,110.93,99.54,202.55,4.80,113.48,97.52,100.0,60.0,98.6,98.36,113.48,0.00,,110.93,100.0,105.17,2.46
2020-11-10,113.48,116.09,112.96,115.35,3116139,114.93,105.58,105.58,112.05,99.12,211.59,1.62,115.35,97.52,100.0,55.0,98.6,98.33,115.35,0.00,115.35,0.00,100.0,104.56,1.52
2020-11-11,115.16,116.15,113.87,114.50,1996993,112.65,105.83,105.83,112.78,98.89,174.70,-0.58,115.35,97.52,95.0,50.0,98.57,98.3,0.00,114.50,,0.00,0,104.02,0.97
2020-11-12,110.72,112.43,108.98,110.79,2705730,110.46,106.05,106.05,113.16,98.93,93.33,0.06,115.35,97.52,90.0,45.0,98.54,98.27,0.00,110.79,,-113.16,0,103.59,1.32
2020-11-13,110.19,112.33,109.88,110.13,2357957,109.77,106.15,106.15,113.35,98.94,77.39,-0.05,115.35,97.52,85.0,40.0,98.51,98.24,0.00,110.13,,0.00,0,103.34,1.15
2020-11-16,110.33,110.89,109.04,109.41,2001236,109.07,106.24,106.24,113.50,98.97,61.15,-0.84,115.35,97.52,80.0,35.0,98.48,98.21,0.00,109.41,,0.00,0,103.32,0.97
2020-11-17,108.84,109.51,107.89,108.73,1488801,108.50,106.28,106.28,113.57,98.99,47.08,-0.10,115.35,97.52,75.0,30.0,98.45,98.18,0.00,108.73,,0.00,0,103.56,0.72
2020-11-18,108.30,109.14,107.91,108.26,1474471,107.62,106.40,106.40,113.71,99.09,35.64,-0.04,115.35,97.52,70.0,25.0,98.42,98.15,0.00,108.26,,0.00,0,104.05,0.72
2020-11-19,106.19,107.70,106.10,106.97,1947597,106.87,106.44,106.44,113.75,99.12,10.21,0.73,115.35,97.52,65.0,20.0,98.39,98.12,0.00,106.97,,0.00,0,104.76,0.95
2020-11-20,106.84,107.87,106.60,106.76,2058118,107.79,106.43,106.43,113.75,99.12,6.27,-0.07,115.35,97.52,60.0,15.0,98.36,98.09,0.00,106.76,,0.00,0,105.61,1.00
2020-11-23,107.46,109.62,107.36,108.81,1612584,109.15,106.64,106.64,113.96,99.31,41.55,1.24,115.35,97.52,55.0,10.0,98.33,98.06,108.81,0.00,,0.00,0,106.54,0.78
2020-11-24,110.01,110.38,109.10,109.49,1757078,109.48,106.92,106.92,114.24,99.61,49.16,-0.47,115.35,97.52,50.0,5.0,98.3,98.03,109.49,0.00,109.49,0.00,0,107.45,0.85
2020-11-25,109.86,110.15,108.42,109.47,1833896,108.98,107.52,107.52,114.18,100.86,41.03,-0.36,115.35,98.05,45.0,0.0,98.27,98.0,0.00,109.47,,0.00,0,108.27,0.89
2020-11-26,109.90,110.05,108.49,108.49,1014847,109.14,108.04,108.04,113.92,102.16,10.69,-1.30,115.35,98.11,40.0,0.0,98.24,98.0,0.00,108.49,,0.00,0,108.93,0.49
2020-11-27,108.34,110.03,108.24,109.78,1791715,109.45,108.62,108.62,113.53,103.72,32.99,1.31,115.35,100.74,35.0,0.0,98.21,98.0,109.78,0.00,109.78,0.00,0,109.38,0.87
2020-11-30,109.12,110.58,108.90,109.12,3256693,109.58,109.04,109.04,113.20,104.88,2.59,0.00,115.35,103.54,30.0,0.0,98.18,98.0,0.00,109.12,,0.00,0,109.63,1.58
2020-12-01,109.68,110.50,109.12,110.03,1625653,110.02,109.37,109.37,113.12,105.62,24.72,0.32,115.35,104.69,25.0,0.0,98.15,98.0,110.03,0.00,110.03,0.00,0,109.71,0.79
2020-12-02,109.90,110.50,108.84,110.01,1485634,109.53,109.63,109.63,113.06,106.21,15.40,0.10,115.35,105.84,20.0,0.0,98.12,98.0,0.00,110.01,,0.00,0,109.65,0.72
2020-12-03,109.76,110.23,109.04,109.04,1260431,109.71,109.72,109.72,113.06,106.38,-28.64,-0.66,115.35,105.84,15.0,5.0,98.09,98.03,0.00,109.04,,0.00,0,109.50,0.61
2020-12-04,109.16,110.38,108.96,110.38,1553655,109.96,109.95,109.95,113.04,106.86,19.50,1.11,115.35,106.76,10.0,0.0,98.06,98.0,110.38,0.00,110.38,0.00,0,109.31,0.76
2020-12-07,109.22,110.50,109.10,109.53,1219677,110.50,109.75,109.75,112.61,106.89,-10.89,0.28,115.35,106.76,5.0,45.0,98.03,98.27,0.00,109.53,,0.00,0,109.13,0.59
2020-12-08,109.70,111.59,109.62,111.46,1392978,111.22,109.56,109.56,111.83,107.28,117.09,1.58,114.50,106.76,0.0,40.0,98.0,98.24,111.46,0.00,111.46,0.00,0,109.01,0.68
2020-12-09,112.02,113.23,110.95,110.97,1632374,110.79,109.38,109.38,111.05,107.71,133.06,-0.95,111.46,106.76,0.0,35.0,98.0,98.21,0.00,110.97,,0.00,0,108.95,0.79
2020-12-10,111.22,111.85,110.07,110.60,1272752,110.19,109.37,109.37,111.03,107.72,103.83,-0.56,111.46,106.76,90.0,30.0,98.54,98.18,0.00,110.60,,0.00,0,108.96,0.62
2020-12-11,110.23,110.60,108.49,109.78,1658102,109.79,109.35,109.35,111.00,107.71,36.26,-0.41,111.46,106.76,85.0,25.0,98.51,98.15,0.00,109.78,,0.00,0,109.03,0.81
2020-12-14,111.11,112.12,109.76,109.80,1940592,110.77,109.37,109.37,111.02,107.73,36.17,-1.19,111.46,106.76,80.0,20.0,98.48,98.12,109.80,0.00,,0.00,0,109.13,0.94
2020-12-15,109.70,111.73,109.49,111.73,1459377,112.21,109.52,109.52,111.31,107.73,172.60,1.82,111.73,106.76,100.0,15.0,98.6,98.09,111.73,0.00,,111.31,100.0,109.27,0.71
2020-12-16,112.39,113.42,111.12,112.68,1847903,113.14,109.75,109.75,111.74,107.75,206.39,0.26,112.68,106.76,100.0,10.0,98.6,98.06,112.68,0.00,,0.00,100.0,109.43,0.90
2020-12-17,113.60,114.16,113.03,113.60,2012092,114.20,110.08,110.08,112.19,107.96,233.18,0.00,113.60,106.76,100.0,5.0,98.6,98.03,113.60,0.00,,0.00,100.0,109.59,0.98
2020-12-18,113.50,115.53,113.33,114.79,6241979,112.76,110.48,110.48,112.78,108.18,262.22,1.12,114.79,108.49,100.0,0.0,98.6,98.0,114.79,0.00,114.79,0.00,100.0,109.76,3.03
2020-12-21,113.01,113.09,108.77,110.73,2922669,111.07,110.57,110.57,112.81,108.34,9.77,-2.06,114.79,108.49,95.0,15.0,98.57,98.09,0.00,110.73,,-112.81,0,109.92,1.42
2020-12-22,111.48,111.88,110.70,111.40,1390621,112.70,110.67,110.67,112.89,108.45,46.06,-0.07,114.79,108.49,90.0,10.0,98.54,98.06,111.40,0.00,,0.00,0,110.09,0.68
2020-12-23,111.90,113.99,111.67,113.99,1149343,115.11,110.90,110.90,113.31,108.48,179.66,1.83,114.79,108.49,85.0,5.0,98.51,98.03,113.99,0.00,,113.31,0,110.27,0.56
2020-12-28,115.35,116.33,115.27,116.23,1067229,115.31,111.28,111.28,114.08,108.48,247.31,0.76,116.23,109.04,100.0,0.0,98.6,98.0,116.23,0.00,116.23,0.00,100.0,110.46,0.52
2020-12-29,116.33,116.66,114.14,114.38,902680,114.44,111.51,111.51,114.43,108.60,137.76,-1.70,116.23,109.04,95.0,20.0,98.57,98.12,0.00,114.38,,-114.43,0,110.67,0.44
2020-12-30,114.14,115.27,114.09,114.50,796354,114.55,111.78,111.78,114.73,108.84,129.23,0.31,116.23,109.04,90.0,15.0,98.54,98.09,114.50,0.00,,0.00,0,110.90,0.39
2021-01-04,115.82,116.21,113.68,114.59,1257386,114.48,112.01,112.01,115.02,109.00,120.01,-1.07,116.23,109.04,85.0,10.0,98.51,98.06,114.59,0.00,114.59,0.00,0,111.15,0.61
2021-01-05,113.52,115.06,113.31,114.36,1355886,116.55,112.23,112.23,115.25,109.21,98.87,0.73,116.23,109.04,80.0,5.0,98.48,98.03,0.00,114.36,,0.00,0,111.43,0.66
2021-01-06,114.65,118.96,114.28,118.74,2048105,119.92,112.71,112.71,116.17,109.25,243.97,3.44,118.74,109.53,100.0,0.0,98.6,98.0,118.74,0.00,,116.17,100.0,111.73,1.00
2021-01-07,119.02,121.10,118.76,121.10,2215688,120.96,113.25,113.25,117.50,109.00,258.60,1.72,121.10,109.53,100.0,5.0,98.6,98.03,121.10,0.00,121.10,0.00,100.0,112.05,1.08
2021-01-08,121.39,122.06,120.50,120.81,1823416,120.80,113.81,113.81,118.49,109.13,209.42,-0.48,121.10,109.78,95.0,0.0,98.57,98.0,0.00,120.81,,0.00,0,112.39,0.89
2021-01-11,119.83,121.26,118.72,120.79,1565979,120.82,114.28,114.28,119.37,109.19,179.16,0.79,121.10,109.78,90.0,15.0,98.54,98.09,0.00,120.79,,0.00,0,112.75,0.76
2021-01-12,121.30,122.31,120.85,120.85,1567127,120.26,114.77,114.77,120.13,109.41,158.79,-0.37,121.10,109.78,85.0,10.0,98.51,98.06,120.85,0.00,120.85,0.00,0,113.13,0.76
2021-01-13,120.73,121.06,119.46,119.66,1583183,119.43,115.23,115.23,120.61,109.84,115.37,-0.89,121.10,109.78,80.0,5.0,98.48,98.03,0.00,119.66,,-120.61,0,113.56,0.77
2021-01-14,119.82,119.91,118.96,119.19,1682173,117.95,115.70,115.70,120.90,110.49,94.03,-0.53,121.10,109.80,75.0,0.0,98.45,98.0,0.00,119.19,,0.00,0,114.02,0.82
2021-01-15,118.00,118.74,115.80,116.70,2425856,116.73,116.04,116.04,120.87,111.21,19.10,-1.11,121.10,110.73,70.0,0.0,98.42,98.0,0.00,116.70,,0.00,0,114.53,1.18
2021-01-18,115.61,116.76,115.41,116.76,1099972,117.43,116.29,116.29,120.91,111.67,14.17,0.98,121.10,110.73,65.0,20.0,98.39,98.12,116.76,0.00,,0.00,0,115.08,0.53
2021-01-19,117.69,118.31,117.18,118.10,1209636,118.66,116.56,116.56,121.06,112.07,47.89,0.35,121.10,110.73,60.0,15.0,98.36,98.09,118.10,0.00,,0.00,0,115.66,0.59
2021-01-20,118.12,119.70,117.22,119.21,1531142,119.91,116.84,116.84,121.30,112.39,74.38,0.91,121.10,110.73,55.0,10.0,98.33,98.06,119.21,0.00,,0.00,0,116.26,0.74
2021-01-21,119.68,121.02,119.58,120.61,1453490,125.00,117.14,117.14,121.68,112.59,106.96,0.77,121.10,110.73,50.0,5.0,98.3,98.03,120.61,0.00,,0.00,0,116.85,0.71
2021-01-22,125.39,129.42,124.88,129.38,4955875,127.22,118.07,118.07,123.56,112.58,288.53,3.08,129.38,111.40,100.0,0.0,98.6,98.0,129.38,0.00,129.38,123.56,100.0,117.41,2.41
2021-01-25,129.30,129.83,125.06,125.06,2658503,126.18,118.75,118.75,124.19,113.31,162.29,-3.39,129.38,113.99,95.0,0.0,98.57,98.0,0.00,125.06,,0.00,0,117.92,1.29
2021-01-26,125.27,128.39,124.88,127.30,1900490,126.66,119.42,119.42,125.24,113.59,189.54,1.59,129.38,114.36,90.0,0.0,98.54,98.0,127.30,0.00,127.30,0.00,0,118.35,0.92
2021-01-27,127.73,129.48,125.54,126.01,2530253,126.20,119.91,119.91,125.98,113.83,140.78,-1.36,129.38,114.36,85.0,20.0,98.51,98.12,0.00,126.01,,0.00,0,118.72,1.23
2021-01-28,125.39,126.71,123.38,126.38,2244105,125.52,120.51,120.51,126.61,114.40,134.69,0.78,129.38,114.36,80.0,15.0,98.48,98.09,126.38,0.00,126.38,-126.61,0,119.05,1.09
2021-01-29,125.29,126.95,124.57,124.65,2807827,125.92,121.01,121.01,126.91,115.11,86.31,-0.51,129.38,114.36,75.0,10.0,98.45,98.06,0.00,124.65,,0.00,0,119.36,1.37
2021-02-01,125.80,127.22,125.27,127.18,1733656,128.66,121.64,121.64,127.44,115.84,133.63,1.09,129.38,114.36,70.0,5.0,98.42,98.03,127.18,0.00,,0.00,0,119.69,0.84
2021-02-02,127.82,130.14,127.55,130.14,2161274,131.32,122.43,122.43,128.29,116.57,184.12,1.78,130.14,116.70,100.0,0.0,98.6,98.0,130.14,0.00,,128.29,100.0,120.07,1.05
2021-02-03,132.68,133.98,131.31,132.50,2362713,134.33,123.12,123.12,129.63,116.60,201.61,-0.14,132.50,116.70,100.0,35.0,98.6,98.21,132.50,0.00,,0.00,100.0,120.54,1.15
2021-02-04,133.88,136.16,132.70,136.16,2310690,134.73,123.87,123.87,131.51,116.23,225.14,1.67,136.16,116.70,100.0,30.0,98.6,98.18,136.16,0.00,136.16,0.00,100.0,121.11,1.12
2021-02-05,135.38,135.40,132.10,133.30,2231960,132.86,124.50,124.50,132.61,116.39,151.96,-1.56,136.16,116.70,95.0,25.0,98.57,98.15,0.00,133.30,,0.00,0,121.80,1.09
2021-02-08,133.70,133.98,131.80,132.42,1496347,131.80,125.08,125.08,133.45,116.70,122.73,-0.97,136.16,116.70,90.0,20.0,98.54,98.12,0.00,132.42,,-133.45,0,122.58,0.73
2021-02-09,132.00,132.32,130.72,131.18,1163784,132.29,125.59,125.59,134.06,117.13,92.42,-0.63,136.16,116.70,85.0,15.0,98.51,98.09,0.00,131.18,,0.00,0,123.43,0.57
2021-02-10,131.98,134.50,130.20,133.40,2145914,132.84,126.28,126.28,134.84,117.72,116.42,1.06,136.16,116.70,80.0,10.0,98.48,98.06,133.40,0.00,133.40,0.00,0,124.33,1.04
2021-02-11,133.24,133.30,131.48,132.28,1323749,133.15,126.94,126.94,135.36,118.52,88.84,-0.73,136.16,116.70,75.0,5.0,98.45,98.03,0.00,132.28,,0.00,0,125.26,0.64
2021-02-12,131.92,134.02,131.52,134.02,1432898,132.97,127.80,127.80,135.79,119.82,109.04,1.57,136.16,116.76,70.0,0.0,98.42,98.0,134.02,0.00,134.02,0.00,0,126.20,0.70
2021-02-15,134.78,134.78,131.52,131.92,1354930,131.14,128.56,128.56,135.75,121.37,65.41,-2.17,136.16,118.10,65.0,0.0,98.39,98.0,0.00,131.92,,0.00,0,127.12,0.66
2021-02-16,131.50,132.18,130.36,130.36,1404920,130.57,129.17,129.17,135.50,122.85,26.28,-0.87,136.16,119.21,60.0,0.0,98.36,98.0,0.00,130.36,,0.00,0,128.00,0.68
2021-02-17,130.66,132.14,130.40,130.78,1528344,130.17,129.75,129.75,135.17,124.34,26.59,0.09,136.16,120.61,55.0,0.0,98.33,98.0,130.78,0.00,130.78,0.00,0,128.84,0.74
2021-02-18,131.10,132.38,129.30,129.56,1485809,131.02,130.20,130.20,134.70,125.69,-19.86,-1.19,136.16,124.65,50.0,0.0,98.3,98.0,0.00,129.56,,0.00,0,129.62,0.72
2021-02-19,129.80,132.72,129.76,132.48,1588249,131.99,130.35,130.35,134.91,125.80,65.39,2.02,136.16,124.65,45.0,25.0,98.27,98.15,132.48,0.00,132.48,0.00,0,130.31,0.77
2021-02-22,131.24,131.70,129.62,131.50,1179763,130.56,130.68,130.68,134.89,126.46,27.38,0.20,136.16,124.65,40.0,20.0,98.24,98.12,0.00,131.50,,0.00,0,130.90,0.57
2021-02-23,131.84,131.84,126.86,129.62,1597328,130.27,130.79,130.79,134.87,126.71,-40.20,-1.71,136.16,124.65,35.0,15.0,98.21,98.09,0.00,129.62,,0.00,0,131.37,0.78
2021-02-24,129.70,131.28,129.42,130.92,1358197,130.55,131.04,131.04,134.80,127.27,-4.37,0.93,136.16,124.65,30.0,10.0,98.18,98.06,130.92,0.00,130.92,0.00,0,131.72,0.66
2021-02-25,131.48,131.84,130.18,130.18,1096126,129.08,131.23,131.23,134.68,127.77,-42.44,-1.00,136.16,124.65,25.0,5.0,98.15,98.03,0.00,130.18,,0.00,0,131.93,0.53
2021-02-26,129.16,130.60,127.58,127.98,2204650,129.43,131.39,131.39,134.31,128.48,-163.85,-0.92,136.16,127.18,20.0,0.0,98.12,98.0,0.00,127.98,,0.00,0,132.03,1.07
2021-03-01,129.26,131.68,129.22,130.88,1395711,130.38,131.58,131.58,134.15,129.00,-38.00,1.24,136.16,127.98,15.0,0.0,98.09,98.0,130.88,0.00,130.88,0.00,0,132.02,0.68
2021-03-02,130.20,131.60,129.88,129.88,1043159,131.50,131.57,131.57,134.16,128.97,-91.07,-0.25,136.16,127.98,10.0,90.0,98.06,98.54,0.00,129.88,,0.00,0,131.92,0.51
2021-03-03,130.42,133.12,130.24,133.12,2005222,132.31,131.60,131.60,134.22,128.98,81.32,2.03,136.16,127.98,5.0,85.0,98.03,98.51,133.12,0.00,133.12,0.00,0,131.77,0.97
2021-03-04,131.80,131.98,130.00,131.50,1610789,130.31,131.36,131.36,133.51,129.22,8.86,-0.23,134.02,127.98,0.0,80.0,98.0,98.48,0.00,131.50,,0.00,0,131.58,0.78
2021-03-05,130.36,130.52,128.26,129.12,1673336,131.82,131.16,131.16,133.31,129.00,-132.00,-0.96,134.02,127.98,25.0,75.0,98.15,98.45,0.00,129.12,,0.00,0,131.38,0.81
2021-03-08,130.00,134.92,129.66,134.52,2075605,134.81,131.26,131.26,133.63,128.89,192.20,3.36,134.52,127.98,100.0,70.0,98.6,98.42,134.52,0.00,,133.63,100.0,131.18,1.01
2021-03-09,133.70,135.50,132.52,135.10,2036245,135.23,131.46,131.46,134.12,128.80,191.73,1.04,135.10,127.98,100.0,65.0,98.6,98.39,135.10,0.00,,0.00,100.0,131.01,0.99
2021-03-10,134.42,135.68,133.42,135.36,1264510,136.03,131.55,131.55,134.42,128.68,185.60,0.69,135.36,127.98,100.0,60.0,98.6,98.36,135.36,0.00,,0.00,100.0,130.87,0.61
2021-03-11,135.64,137.04,135.46,136.70,1344366,136.04,131.78,131.78,135.06,128.49,209.62,0.78,136.70,127.98,100.0,55.0,98.6,98.33,136.70,0.00,136.70,0.00,100.0,130.78,0.65
2021-03-12,135.52,135.72,134.54,135.38,1192564,135.09,131.84,131.84,135.25,128.43,145.20,-0.10,136.70,127.98,95.0,50.0,98.57,98.3,0.00,135.38,,0.00,0,130.76,0.58
2021-03-15,134.76,136.04,133.84,134.80,1094652,135.11,131.99,131.99,135.52,128.45,111.44,0.03,136.70,127.98,90.0,45.0,98.54,98.27,0.00,134.80,,-135.52,0,130.81,0.53
2021-03-16,135.36,135.58,134.28,135.42,1196364,135.70,132.24,132.24,135.89,128.59,122.08,0.04,136.70,127.98,85.0,40.0,98.51,98.24,135.42,0.00,,0.00,0,130.93,0.58
2021-03-17,135.04,136.08,134.00,135.98,1750611,138.48,132.50,132.50,136.29,128.71,128.46,0.69,136.70,127.98,80.0,35.0,98.48,98.21,135.98,0.00,,0.00,0,131.15,0.85
2021-03-18,136.20,141.32,136.06,140.98,3033584,139.37,133.07,133.07,137.57,128.57,246.14,3.39,140.98,127.98,100.0,30.0,98.6,98.18,140.98,0.00,140.98,137.57,100.0,131.45,1.47
2021-03-19,140.00,140.04,136.48,137.76,5082220,136.76,133.34,133.34,138.06,128.61,131.11,-1.63,140.98,127.98,95.0,25.0,98.57,98.15,0.00,137.76,,-138.06,0,131.83,2.47
2021-03-22,136.30,137.64,135.08,135.76,1455590,135.87,133.55,133.55,138.29,128.81,65.30,-0.40,140.98,127.98,90.0,20.0,98.54,98.12,0.00,135.76,,0.00,0,132.27,0.71
2021-03-23,135.34,137.30,134.78,135.98,1138599,135.77,133.87,133.87,138.48,129.25,64.13,0.47,140.98,127.98,85.0,15.0,98.51,98.09,135.98,0.00,135.98,0.00,0,132.77,0.55
2021-03-24,135.04,136.14,134.16,135.56,1287803,135.51,134.10,134.10,138.64,129.56,45.11,0.38,140.98,127.98,80.0,10.0,98.48,98.06,0.00,135.56,,0.00,0,133.30,0.63
2021-03-25,135.00,135.92,133.08,135.46,1094737,136.42,134.36,134.36,138.73,130.00,35.22,0.34,140.98,127.98,75.0,5.0,98.45,98.03,0.00,135.46,,0.00,0,133.83,0.53
2021-03-26,136.48,137.90,136.34,137.38,1068697,137.61,134.83,134.83,138.75,130.92,91.09,0.66,140.98,129.12,70.0,0.0,98.42,98.0,137.38,0.00,,0.00,0,134.36,0.52
2021-03-29,137.98,138.36,137.04,137.84,880061,139.46,135.18,135.18,138.98,131.38,98.11,-0.10,140.98,129.12,65.0,20.0,98.39,98.12,137.84,0.00,,0.00,0,134.84,0.43
2021-03-30,139.64,141.92,139.24,141.08,1522089,140.54,135.74,135.74,139.54,131.94,196.63,1.02,141.08,129.12,100.0,15.0,98.6,98.09,141.08,0.00,141.08,139.54,100.0,135.28,0.74
2021-03-31,140.82,141.44,139.98,140.00,1798425,140.40,136.08,136.08,140.01,132.16,139.82,-0.59,141.08,129.12,95.0,10.0,98.57,98.06,0.00,140.00,,-140.01,0,135.66,0.87
2021-04-01,140.00,141.66,139.50,140.80,1483387,141.02,136.55,136.55,140.43,132.67,153.38,0.57,141.08,129.12,90.0,5.0,98.54,98.03,140.80,0.00,,140.43,0,135.99,0.72
2021-04-06,140.50,142.46,140.06,141.24,1229809,140.64,137.16,137.16,140.45,133.86,173.43,0.52,141.24,134.52,100.0,0.0,98.6,98.0,141.24,0.00,141.24,0.00,100.0,136.26,0.60
2021-04-07,141.20,141.52,139.66,140.04,1035626,140.24,137.43,137.43,140.73,134.14,110.84,-0.83,141.24,134.80,95.0,0.0,98.57,98.0,0.00,140.04,,-140.73,0,136.50,0.50
2021-04-08,140.30,141.28,139.72,140.44,1254714,140.42,137.70,137.70,141.03,134.37,115.29,0.10,141.24,134.80,90.0,20.0,98.54,98.12,140.44,0.00,140.44,0.00,0,136.72,0.61
2021-04-09,140.00,140.46,139.46,140.40,1385885,139.84,137.95,137.95,141.29,134.61,102.75,0.28,141.24,134.80,85.0,15.0,98.51,98.09,0.00,140.40,,0.00,0,136.94,0.67
2021-04-12,140.34,140.50,139.28,139.28,984012,139.34,138.08,138.08,141.42,134.74,50.40,-0.76,141.24,134.80,80.0,10.0,98.48,98.06,0.00,139.28,,0.00,0,137.17,0.48
2021-04-13,139.14,139.82,138.14,139.40,1260062,139.08,138.28,138.28,141.52,135.04,48.44,0.19,141.24,134.80,75.0,5.0,98.45,98.03,139.40,0.00,139.40,0.00,0,137.44,0.61
2021-04-14,139.56,139.56,137.94,138.76,1080164,139.38,138.48,138.48,141.51,135.45,13.04,-0.58,141.24,135.42,70.0,0.0,98.42,98.0,0.00,138.76,,0.00,0,137.75,0.53
2021-04-15,139.20,140.20,138.96,140.00,1455715,142.98,138.71,138.71,141.59,135.82,62.70,0.57,141.24,135.46,65.0,0.0,98.39,98.0,140.00,0.00,,0.00,0,138.08,0.71
2021-04-16,139.80,145.96,139.66,145.96,2904105,144.88,139.21,139.21,142.74,135.67,267.64,4.22,145.96,135.46,100.0,30.0,98.6,98.18,145.96,0.00,145.96,142.74,100.0,138.43,1.41
2021-04-19,145.70,145.70,143.38,143.80,1460420,142.04,139.35,139.35,143.13,135.57,164.90,-1.32,145.96,135.46,95.0,25.0,98.57,98.15,0.00,143.80,,0.00,0,138.79,0.71
2021-04-20,143.48,144.30,140.16,140.28,1428595,140.74,139.47,139.47,143.23,135.72,30.10,-2.28,145.96,135.46,90.0,20.0,98.54,98.12,0.00,140.28,,-143.23,0,139.14,0.69
2021-04-21,140.50,141.74,139.44,141.20,1327383,141.83,139.75,139.75,143.33,136.16,56.88,0.50,145.96,135.46,85.0,15.0,98.51,98.09,141.20,0.00,,0.00,0,139.45,0.65
2021-04-22,141.26,142.86,140.84,142.46,1053731,142.70,140.07,140.07,143.52,136.62,97.02,0.84,145.96,135.46,80.0,10.0,98.48,98.06,142.46,0.00,,0.00,0,139.73,0.51
2021-04-23,141.36,142.94,140.92,142.94,1312494,142.71,140.44,140.44,143.66,137.22,108.74,1.11,145.96,135.46,75.0,5.0,98.45,98.03,142.94,0.00,142.94,0.00,0,139.97,0.64
2021-04-26,142.68,143.28,142.08,142.48,758474,142.32,140.79,140.79,143.62,137.96,83.72,-0.14,145.96,137.38,70.0,0.0,98.42,98.0,0.00,142.48,,0.00,0,140.18,0.37
2021-04-27,142.56,143.52,140.94,142.16,826484,141.76,141.03,141.03,143.65,138.41,60.45,-0.28,145.96,137.84,65.0,0.0,98.39,98.0,0.00,142.16,,0.00,0,140.38,0.40
2021-04-28,142.68,142.94,141.10,141.36,1248098,140.38,141.20,141.20,143.61,138.80,9.09,-0.93,145.96,138.76,60.0,0.0,98.36,98.0,0.00,141.36,,0.00,0,140.57,0.61
2021-04-29,141.18,141.62,138.64,139.40,1031409,139.11,141.12,141.12,143.59,138.65,-97.56,-1.28,145.96,138.76,55.0,45.0,98.33,98.27,0.00,139.40,,0.00,0,140.76,0.50
2021-04-30,139.70,140.44,138.82,138.82,1263687,139.83,141.06,141.06,143.61,138.51,-123.04,-0.63,145.96,138.76,50.0,40.0,98.3,98.24,0.00,138.82,,0.00,0,140.96,0.61
2021-05-03,139.36,141.58,139.36,140.84,837023,138.47,141.06,141.06,143.61,138.51,-12.25,1.05,145.96,138.76,45.0,35.0,98.27,98.21,140.84,0.00,140.84,0.00,0,141.16,0.41
2021-05-04,141.12,141.18,135.64,136.10,1709902,138.05,140.81,140.81,143.79,137.82,-220.83,-3.69,145.96,136.10,40.0,100.0,98.24,98.6,0.00,136.10,,0.00,0,141.35,0.83
2021-05-05,137.16,140.10,136.84,140.00,1134754,140.07,140.80,140.80,143.79,137.82,-37.71,2.03,145.96,136.10,35.0,95.0,98.21,98.57,140.00,0.00,,0.00,0,141.50,0.55
2021-05-06,139.92,141.84,138.68,140.14,1263904,142.21,140.79,140.79,143.78,137.80,-30.39,0.16,145.96,136.10,30.0,90.0,98.18,98.54,140.14,0.00,,0.00,0,141.59,0.61
2021-05-07,140.68,145.20,140.68,144.28,1820935,144.04,140.98,140.98,144.16,137.80,145.22,2.50,145.96,136.10,25.0,85.0,98.15,98.51,144.28,0.00,144.28,144.16,0,141.63,0.89
2021-05-10,145.00,145.12,142.78,143.80,1266674,141.77,141.21,141.21,144.45,137.97,111.85,-0.83,145.96,136.10,20.0,80.0,98.12,98.48,0.00,143.80,,-144.45,0,141.60,0.62
2021-05-11,142.38,142.86,138.04,139.74,1587279,139.50,141.23,141.23,144.45,138.00,-64.51,-1.89,145.96,136.10,15.0,75.0,98.09,98.45,0.00,139.74,,0.00,0,141.51,0.77
2021-05-12,140.00,140.38,138.62,139.26,1096942,139.79,141.25,141.25,144.44,138.06,-87.40,-0.53,145.96,136.10,10.0,70.0,98.06,98.42,0.00,139.26,,0.00,0,141.36,0.53
2021-05-13,138.00,141.04,136.04,140.32,992127,142.40,141.27,141.27,144.44,138.09,-41.72,1.65,145.96,136.10,5.0,65.0,98.03,98.39,140.32,0.00,,0.00,0,141.17,0.48
2021-05-14,142.42,144.60,140.74,144.48,1309950,142.95,141.19,141.19,144.17,138.21,154.42,1.43,144.48,136.10,0.0,60.0,98.0,98.36,144.48,0.00,144.48,144.17,0,140.98,0.64
2021-05-17,143.62,145.00,140.88,141.42,1287079,140.22,141.07,141.07,143.93,138.22,16.96,-1.56,144.48,136.10,95.0,55.0,98.57,98.33,0.00,141.42,,-143.93,0,140.81,0.63
2021-05-18,142.22,142.58,139.02,139.02,1454977,136.35,141.01,141.01,143.93,138.09,-95.51,-2.30,144.48,136.10,90.0,50.0,98.54,98.3,0.00,139.02,,0.00,0,140.68,0.71
2021-05-19,137.70,138.30,132.46,133.68,2177508,134.27,140.64,140.64,144.35,136.92,-262.43,-3.01,144.48,133.68,85.0,100.0,98.51,98.6,0.00,133.68,,0.00,0,140.59,1.06
2021-05-20,134.70,135.04,132.54,134.86,1505512,135.36,140.26,140.26,144.33,136.18,-185.58,0.12,144.48,133.68,80.0,95.0,98.48,98.57,134.86,0.00,,0.00,0,140.55,0.73
2021-05-21,135.28,136.22,135.10,135.86,1606481,135.62,139.90,139.90,144.09,135.71,-135.02,0.43,144.48,133.68,75.0,90.0,98.45,98.54,135.86,0.00,135.86,0.00,0,140.56,0.78
2021-05-25,137.76,137.82,135.38,135.38,1447134,135.04,139.55,139.55,143.87,135.22,-134.81,-1.76,144.48,133.68,70.0,85.0,98.42,98.51,0.00,135.38,,0.00,0,140.58,0.70
2021-05-26,135.60,136.06,134.18,134.70,1207961,132.36,139.17,139.17,143.66,134.68,-139.51,-0.67,144.48,133.68,65.0,80.0,98.39,98.48,0.00,134.70,,0.00,0,140.59,0.59
2021-05-27,134.20,135.86,130.02,130.02,8044888,132.46,138.61,138.61,143.86,133.35,-228.66,-3.21,144.48,130.02,60.0,100.0,98.36,98.6,0.00,130.02,,0.00,0,140.53,3.91
2021-05-28,133.10,135.44,133.10,134.90,1859774,133.77,138.38,138.38,143.76,133.01,-90.68,1.33,144.48,130.02,55.0,95.0,98.33,98.57,134.90,0.00,134.90,0.00,0,140.39,0.90
2021-05-31,134.28,134.68,132.58,132.64,832411,133.84,138.07,138.07,143.73,132.41,-134.30,-1.24,144.48,130.02,50.0,90.0,98.3,98.54,0.00,132.64,,0.00,0,140.14,0.40
2021-06-01,133.46,136.42,133.46,135.04,1274211,135.71,137.78,137.78,143.44,132.12,-67.81,1.17,144.48,130.02,45.0,85.0,98.27,98.51,135.04,0.00,,0.00,0,139.79,0.62
2021-06-02,134.72,136.46,134.42,136.38,1173747,136.07,137.80,137.80,143.45,132.14,-35.07,1.22,144.48,130.02,40.0,80.0,98.24,98.48,136.38,0.00,136.38,0.00,0,139.31,0.57
2021-06-03,135.94,136.32,134.20,135.76,941862,135.88,137.58,137.58,143.22,131.95,-45.29,-0.13,144.48,130.02,35.0,75.0,98.21,98.45,0.00,135.76,,0.00,0,138.73,0.46
2021-06-04,135.78,136.34,134.34,136.00,930921,136.02,137.38,137.38,142.97,131.78,-34.46,0.16,144.48,130.02,30.0,70.0,98.18,98.42,136.00,0.00,,0.00,0,138.08,0.45
2021-06-07,135.98,136.54,135.42,136.04,983397,135.99,136.97,136.97,142.08,131.85,-25.30,0.04,144.48,130.02,25.0,65.0,98.15,98.39,136.04,0.00,136.04,0.00,0,137.41,0.48
2021-06-08,136.40,136.88,135.56,135.94,1108397,135.97,136.57,136.57,141.17,131.97,-19.23,-0.34,144.48,130.02,20.0,60.0,98.12,98.36,0.00,135.94,,0.00,0,136.76,0.54
2021-06-09,136.60,137.14,134.82,136.00,1174869,135.55,136.39,136.39,140.87,131.90,-12.02,-0.44,144.48,130.02,15.0,55.0,98.09,98.33,136.00,0.00,136.00,0.00,0,136.17,0.57
2021-06-10,136.30,136.58,134.86,135.10,1029357,135.91,136.18,136.18,140.57,131.78,-34.29,-0.89,144.48,130.02,10.0,50.0,98.06,98.3,0.00,135.10,,0.00,0,135.66,0.50
2021-06-11,135.30,136.76,134.50,136.72,1035025,136.23,136.00,136.00,140.18,131.81,24.18,1.04,144.48,130.02,5.0,45.0,98.03,98.27,136.72,0.00,136.72,0.00,0,135.28,0.50
2021-06-14,137.00,138.24,135.60,135.74,935042,137.17,135.56,135.56,138.68,132.44,8.08,-0.93,141.42,130.02,0.0,40.0,98.0,98.24,0.00,135.74,,0.00,0,135.02,0.45
2021-06-15,136.80,138.84,136.46,138.60,1300113,137.69,135.42,135.42,138.08,132.76,167.30,1.30,139.02,130.02,0.0,35.0,98.0,98.21,138.60,0.00,138.60,138.08,0,134.89,0.63
2021-06-16,139.22,139.24,136.54,136.78,1381080,137.09,135.31,135.31,137.74,132.88,84.80,-1.78,138.60,130.02,0.0,30.0,98.0,98.18,0.00,136.78,,-137.74,0,134.88,0.67
2021-06-17,136.16,138.90,135.86,137.40,1428128,135.55,135.49,135.49,137.95,133.04,108.80,0.90,138.60,130.02,90.0,25.0,98.54,98.15,137.40,0.00,137.40,0.00,0,134.95,0.69
2021-06-18,137.14,138.12,133.20,133.70,3093145,135.10,135.44,135.44,137.95,132.92,-96.74,-2.57,138.60,130.02,85.0,20.0,98.51,98.12,0.00,133.70,,0.00,0,135.09,1.50
2021-06-21,133.32,137.06,132.60,136.50,1243844,136.60,135.47,135.47,138.00,132.94,57.16,2.33,138.60,130.02,80.0,15.0,98.48,98.09,136.50,0.00,,0.00,0,135.27,0.60
2021-06-22,136.34,137.08,135.24,136.70,862509,136.78,135.53,135.53,138.09,132.97,63.85,0.26,138.60,130.02,75.0,10.0,98.45,98.06,136.70,0.00,,0.00,0,135.46,0.42
2021-06-23,137.26,137.38,135.42,136.86,1357266,136.05,135.64,135.64,138.22,133.07,66.26,-0.29,138.60,130.02,70.0,5.0,98.42,98.03,136.86,0.00,136.86,0.00,0,135.66,0.66
2021-06-24,137.86,138.00,134.32,135.24,2441481,136.08,135.90,135.90,137.70,134.10,-51.41,-1.94,138.60,132.64,65.0,0.0,98.39,98.0,0.00,135.24,,0.00,0,135.83,1.19
2021-06-25,135.34,137.24,134.22,136.92,1286292,135.56,136.00,136.00,137.80,134.21,71.40,1.15,138.60,132.64,60.0,5.0,98.36,98.03,136.92,0.00,136.92,0.00,0,135.99,0.63
2021-06-28,137.00,138.36,134.12,134.20,1164753,134.40,136.08,136.08,137.63,134.54,-170.39,-2.09,138.60,133.70,55.0,0.0,98.33,98.0,0.00,134.20,,0.00,0,136.11,0.57
2021-06-29,134.38,135.54,134.20,134.60,1254595,134.11,136.06,136.06,137.64,134.48,-129.13,0.16,138.60,133.70,50.0,65.0,98.3,98.39,134.60,0.00,134.60,0.00,0,136.20,0.61
2021-06-30,134.44,135.72,132.42,133.62,1636719,133.88,135.92,135.92,137.67,134.17,-183.98,-0.61,138.60,133.62,45.0,100.0,98.27,98.6,0.00,133.62,,0.00,0,136.26,0.80
2021-07-01,134.86,135.74,132.46,134.14,1157790,134.00,135.84,135.84,137.68,134.00,-129.51,-0.54,138.60,133.62,40.0,95.0,98.24,98.57,134.14,0.00,134.14,0.00,0,136.29,0.56
2021-07-02,134.28,135.12,133.58,133.86,946291,133.78,135.73,135.73,137.67,133.80,-135.32,-0.31,138.60,133.62,35.0,90.0,98.21,98.54,0.00,133.86,,0.00,0,136.29,0.46
2021-07-05,133.86,134.24,132.62,133.70,588551,132.96,135.62,135.62,137.65,133.58,-131.78,-0.12,138.60,133.62,30.0,85.0,98.18,98.51,0.00,133.70,,0.00,0,136.25,0.29
2021-07-06,133.28,133.64,131.44,132.22,1359616,133.10,135.43,135.43,137.72,133.14,-196.12,-0.80,138.60,132.22,25.0,100.0,98.15,98.6,0.00,132.22,,0.00,0,136.17,0.66
2021-07-07,132.58,133.98,132.28,133.98,1059013,132.50,135.33,135.33,137.66,133.00,-81.17,1.04,138.60,132.22,20.0,95.0,98.12,98.57,133.98,0.00,133.98,0.00,0,136.05,0.51
2021-07-08,133.18,133.18,129.64,131.02,2073649,131.93,135.13,135.13,137.82,132.43,-213.62,-1.65,138.60,131.02,15.0,100.0,98.09,98.6,0.00,131.02,,0.00,0,135.90,1.01
2021-07-09,131.82,132.84,130.58,132.84,1253215,133.19,134.93,134.93,137.66,132.20,-107.35,0.77,138.60,131.02,10.0,95.0,98.06,98.57,132.84,0.00,,0.00,0,135.70,0.61
2021-07-12,132.62,134.00,131.48,133.54,931422,134.12,134.82,134.82,137.57,132.07,-65.30,0.69,138.60,131.02,5.0,90.0,98.03,98.54,133.54,0.00,,0.00,0,135.48,0.45
2021-07-13,133.64,135.12,133.24,134.70,1090004,134.13,134.63,134.63,137.07,132.18,4.23,0.79,137.40,131.02,0.0,85.0,98.0,98.51,134.70,0.00,134.70,0.00,0,135.23,0.53
2021-07-14,133.56,134.36,133.08,133.56,696102,131.90,134.47,134.47,136.83,132.10,-53.65,0.00,137.40,131.02,5.0,80.0,98.03,98.48,0.00,133.56,,0.00,0,134.95,0.34
2021-07-15,132.80,132.86,129.92,130.24,1322169,129.82,134.11,134.11,136.61,131.60,-216.27,-1.97,136.92,130.24,0.0,100.0,98.0,98.6,0.00,130.24,,0.00,0,134.68,0.64
2021-07-16,129.76,130.72,128.16,129.40,1500052,127.74,133.89,133.89,136.80,130.99,-216.48,-0.28,136.92,129.40,25.0,100.0,98.15,98.6,0.00,129.40,,0.00,0,134.39,0.73
2021-07-19,128.00,128.50,124.96,126.08,2075326,126.56,133.37,133.37,137.04,129.70,-278.09,-1.52,136.92,126.08,20.0,100.0,98.12,98.6,0.00,126.08,,0.00,0,134.11,1.01
2021-07-20,127.14,128.20,125.98,127.04,1235949,128.67,132.89,132.89,136.89,128.89,-204.79,-0.08,136.92,126.08,15.0,95.0,98.09,98.57,127.04,0.00,,0.00,0,133.85,0.60
2021-07-21,128.20,130.84,127.32,130.30,1312139,132.15,132.56,132.56,136.41,128.71,-82.18,1.61,136.92,126.08,10.0,90.0,98.06,98.54,130.30,0.00,,0.00,0,133.58,0.64
2021-07-22,131.38,134.90,131.32,134.00,1486985,134.28,132.50,132.50,136.28,128.72,55.63,1.96,136.92,126.08,5.0,85.0,98.03,98.51,134.00,0.00,,0.00,0,133.33,0.72
2021-07-23,134.64,135.34,133.96,134.56,1103431,134.49,132.38,132.38,135.94,128.82,85.70,-0.06,134.70,126.08,0.0,80.0,98.0,98.48,134.56,0.00,134.56,0.00,0,133.06,0.54
2021-07-26,133.36,134.58,133.18,134.42,697210,133.82,132.39,132.39,135.96,128.82,79.49,0.79,134.70,126.08,55.0,75.0,98.33,98.45,0.00,134.42,,0.00,0,132.79,0.34
2021-07-27,133.46,133.70,131.00,133.22,1011298,133.23,132.32,132.32,135.83,128.81,35.81,-0.18,134.70,126.08,50.0,70.0,98.3,98.42,0.00,133.22,,0.00,0,132.51,0.49
2021-07-28,133.10,133.64,132.00,133.24,965513,133.21,132.30,132.30,135.80,128.80,37.50,0.11,134.70,126.08,45.0,65.0,98.27,98.39,133.24,0.00,133.24,0.00,0,132.22,0.47
2021-07-29,133.74,134.08,132.78,133.18,843548,132.38,132.26,132.26,135.71,128.80,37.44,-0.42,134.70,126.08,40.0,60.0,98.24,98.36,0.00,133.18,,0.00,0,131.94,0.41
2021-07-30,132.00,132.84,131.00,131.58,1549953,133.34,132.14,132.14,135.56,128.72,-22.94,-0.32,134.70,126.08,35.0,55.0,98.21,98.33,0.00,131.58,,0.00,0,131.70,0.75
2021-08-02,132.72,135.62,132.52,135.10,1393762,134.98,132.21,132.21,135.73,128.69,115.03,1.76,135.10,126.08,100.0,50.0,98.6,98.3,135.10,0.00,135.10,0.00,100.0,131.50,0.68
2021-08-03,135.18,135.26,134.38,134.86,831225,136.33,132.34,132.34,135.96,128.73,97.54,-0.24,135.10,126.08,95.0,45.0,98.57,98.27,0.00,134.86,,0.00,0,131.39,0.40
2021-08-04,135.62,138.22,135.20,137.80,1448707,139.59,132.53,132.53,136.51,128.56,185.64,1.58,137.80,126.08,100.0,40.0,98.6,98.24,137.80,0.00,,136.51,100.0,131.37,0.70
2021-08-05,139.00,144.00,139.00,141.38,1733228,140.84,133.05,133.05,137.85,128.25,242.83,1.68,141.38,126.08,100.0,35.0,98.6,98.21,141.38,0.00,141.38,0.00,100.0,131.45,0.84
2021-08-06,142.02,142.14,138.76,140.30,1132432,139.46,133.43,133.43,138.73,128.12,181.31,-1.23,141.38,126.08,95.0,30.0,98.57,98.18,0.00,140.30,,0.00,0,131.65,0.55
2021-08-09,140.28,141.18,138.10,138.62,695242,138.91,133.68,133.68,139.23,128.13,124.58,-1.20,141.38,126.08,90.0,25.0,98.54,98.15,0.00,138.62,,-139.23,0,131.94,0.34
2021-08-10,138.56,139.64,137.84,139.20,637083,140.43,133.90,133.90,139.71,128.09,127.60,0.46,141.38,126.08,85.0,20.0,98.51,98.12,139.20,0.00,,0.00,0,132.31,0.31
2021-08-11,139.42,141.66,138.72,141.66,780929,142.13,134.31,134.31,140.60,128.01,163.50,1.58,141.66,126.08,100.0,15.0,98.6,98.09,141.66,0.00,,140.60,100.0,132.76,0.38
2021-08-12,141.94,143.60,140.82,142.60,1173231,142.36,134.93,134.93,141.58,128.28,161.55,0.46,142.60,126.08,100.0,10.0,98.6,98.06,142.60,0.00,142.60,0.00,100.0,133.27,0.57
2021-08-13,142.20,143.24,141.46,142.12,893991,141.92,135.56,135.56,142.31,128.81,135.99,-0.06,142.60,126.08,95.0,5.0,98.57,98.03,0.00,142.12,,-142.31,0,133.83,0.43
2021-08-16,140.72,141.94,140.20,141.72,865149,142.16,136.35,136.35,142.58,130.11,120.59,0.71,142.60,127.04,90.0,0.0,98.54,98.0,0.00,141.72,,0.00,0,134.43,0.42
2021-08-17,141.40,143.38,140.86,142.60,795439,142.58,137.12,137.12,142.85,131.40,133.90,0.84,142.60,130.30,100.0,0.0,98.6,98.0,142.60,0.00,142.60,0.00,100.0,135.08,0.39
2021-08-18,142.60,143.00,141.54,142.56,872901,140.63,137.74,137.74,143.24,132.23,122.76,-0.03,142.60,131.58,95.0,0.0,98.57,98.0,0.00,142.56,,0.00,0,135.77,0.42
2021-08-19,140.42,141.28,138.20,138.70,1235186,138.64,137.97,137.97,143.34,132.60,19.02,-1.24,142.60,131.58,90.0,30.0,98.54,98.18,0.00,138.70,,0.00,0,136.49,0.60
2021-08-20,138.02,138.78,137.16,138.58,1115231,139.08,138.17,138.17,143.42,132.92,10.88,0.40,142.60,131.58,85.0,25.0,98.51,98.15,0.00,138.58,,0.00,0,137.22,0.54
2021-08-23,140.00,140.32,138.40,139.58,717459,139.86,138.43,138.43,143.55,133.31,31.47,-0.30,142.60,131.58,80.0,20.0,98.48,98.12,139.58,0.00,,0.00,0,137.94,0.35
2021-08-24,140.44,140.72,139.58,140.14,743225,139.54,138.78,138.78,143.62,133.94,39.45,-0.21,142.60,131.58,75.0,15.0,98.45,98.09,140.14,0.00,140.14,0.00,0,138.63,0.36
2021-08-25,140.10,140.20,138.56,138.94,658822,139.00,139.06,139.06,143.54,134.58,-3.78,-0.83,142.60,131.58,70.0,10.0,98.42,98.06,0.00,138.94,,0.00,0,139.24,0.32
2021-08-26,138.18,139.36,137.52,139.06,900518,139.87,139.36,139.36,143.40,135.31,-10.21,0.63,142.60,131.58,65.0,5.0,98.39,98.03,139.06,0.00,,0.00,0,139.78,0.44
2021-08-27,138.86,140.68,137.94,140.68,810178,141.05,139.81,139.81,142.95,136.67,38.76,1.29,142.60,134.86,60.0,0.0,98.36,98.0,140.68,0.00,,0.00,0,140.20,0.39
2021-08-30,140.46,141.58,140.12,141.42,576943,141.13,140.13,140.13,142.89,137.36,65.50,0.68,142.60,134.86,55.0,5.0,98.33,98.03,141.42,0.00,141.42,0.00,0,140.51,0.28
2021-08-31,141.82,143.44,139.60,140.84,1935027,140.04,140.43,140.43,142.58,138.27,26.92,-0.70,142.60,137.80,50.0,0.0,98.3,98.0,0.00,140.84,,0.00,0,140.69,0.94
2021-09-01,140.56,141.28,137.74,139.24,1185320,140.48,140.50,140.50,142.52,138.48,-87.12,-0.95,142.60,138.58,45.0,0.0,98.27,98.0,0.00,139.24,,0.00,0,140.76,0.58
2021-09-02,140.00,141.92,139.16,141.72,949822,142.15,140.51,140.51,142.55,138.48,82.85,1.21,142.60,138.58,40.0,55.0,98.24,98.33,141.72,0.00,,0.00,0,140.75,0.46
2021-09-03,142.00,144.50,140.98,142.58,1440430,144.69,140.63,140.63,142.76,138.49,127.94,0.41,142.60,138.58,35.0,50.0,98.21,98.3,142.58,0.00,,0.00,0,140.67,0.70
2021-09-06,142.92,146.80,142.76,146.80,1250348,146.44,141.04,141.04,143.82,138.26,290.18,2.64,146.80,138.58,100.0,45.0,98.6,98.27,146.80,0.00,146.80,143.82,100.0,140.55,0.61
2021-09-07,146.12,147.58,145.48,146.08,1212642,143.52,141.38,141.38,144.51,138.26,210.55,-0.03,146.80,138.58,95.0,40.0,98.57,98.24,0.00,146.08,,0.00,0,140.44,0.59
2021-09-08,145.68,145.68,140.12,140.96,2089428,142.15,141.35,141.35,144.47,138.22,-17.29,-3.35,146.80,138.58,90.0,35.0,98.54,98.21,0.00,140.96,,-144.47,0,140.36,1.02
2021-09-09,139.58,144.18,139.10,143.34,1421489,144.71,141.38,141.38,144.55,138.22,86.58,2.62,146.80,138.58,85.0,30.0,98.51,98.18,143.34,0.00,,0.00,0,140.33,0.69
2021-09-10,143.60,146.88,143.40,146.08,1334073,146.31,141.58,141.58,145.07,138.09,180.67,1.70,146.80,138.58,80.0,25.0,98.48,98.15,146.08,0.00,,145.07,0,140.37,0.65
2021-09-13,146.50,148.12,146.34,146.54,1372412,147.19,141.82,141.82,145.64,138.01,173.05,0.03,146.80,138.58,75.0,20.0,98.45,98.12,146.54,0.00,,0.00,0,140.50,0.67
2021-09-14,146.00,148.46,145.60,147.84,1526494,147.28,142.08,142.08,146.34,137.83,189.41,1.24,147.84,138.58,100.0,15.0,98.6,98.09,147.84,0.00,147.84,0.00,100.0,140.72,0.74
2021-09-15,147.32,148.08,145.80,146.72,1303028,148.25,142.29,142.29,146.79,137.80,137.91,-0.41,147.84,138.58,95.0,10.0,98.57,98.06,0.00,146.72,,-146.79,0,141.03,0.63
2021-09-16,147.78,150.72,147.28,149.78,1802623,149.65,142.85,142.85,147.75,137.94,198.05,1.34,149.78,138.58,100.0,5.0,98.6,98.03,149.78,0.00,149.78,147.75,100.0,141.40,0.88
2021-09-17,150.82,151.86,148.06,149.52,5281924,145.75,143.39,143.39,148.50,138.28,167.82,-0.87,149.78,138.94,95.0,0.0,98.57,98.0,0.00,149.52,,0.00,0,141.83,2.57
2021-09-20,146.48,146.74,141.10,141.98,2219702,144.00,143.51,143.51,148.49,138.53,-43.10,-3.17,149.78,138.94,90.0,10.0,98.54,98.06,0.00,141.98,,-148.49,0,142.31,1.08
2021-09-21,143.78,146.28,143.74,146.02,1434648,147.81,143.81,143.81,148.72,138.90,63.11,1.53,149.78,138.94,85.0,5.0,98.51,98.03,146.02,0.00,,0.00,0,142.83,0.70
2021-09-22,147.30,149.78,147.30,149.60,1318859,149.93,144.34,144.34,149.29,139.39,148.68,1.54,149.78,139.06,80.0,0.0,98.48,98.0,149.60,0.00,,149.29,0,143.36,0.64
2021-09-23,151.02,151.84,149.30,150.26,1262254,149.11,144.90,144.90,149.86,139.94,151.23,-0.51,150.26,139.24,100.0,0.0,98.6,98.0,150.26,0.00,150.26,0.00,100.0,143.89,0.61
2021-09-24,149.60,149.92,147.92,147.96,1098121,147.62,145.26,145.26,150.11,140.42,77.90,-1.11,150.26,139.24,95.0,15.0,98.57,98.09,0.00,147.96,,-150.11,0,144.41,0.53
2021-09-27,150.32,150.70,146.46,147.28,843673,145.21,145.56,145.56,150.27,140.85,51.20,-2.06,150.26,139.24,90.0,10.0,98.54,98.06,0.00,147.28,,0.00,0,144.91,0.41
2021-09-28,147.12,147.28,142.42,143.14,1480411,143.28,145.67,145.67,150.20,141.15,-78.34,-2.78,150.26,139.24,85.0,5.0,98.51,98.03,0.00,143.14,,0.00,0,145.38,0.72
2021-09-29,144.26,144.98,142.86,143.42,1093244,142.67,145.88,145.88,149.96,141.80,-84.46,-0.59,150.26,140.96,80.0,0.0,98.48,98.0,143.42,0.00,143.42,0.00,0,145.81,0.53
2021-09-30,144.46,144.62,141.20,141.92,1614024,139.81,145.89,145.89,149.95,141.83,-136.97,-1.79,150.26,140.96,75.0,20.0,98.45,98.12,0.00,141.92,,0.00,0,146.18,0.78
2021-10-01,138.98,140.56,136.86,137.70,2008389,136.78,145.65,145.65,150.35,140.94,-236.45,-0.93,150.26,137.70,70.0,100.0,98.42,98.6,0.00,137.70,,0.00,0,146.48,0.98
2021-10-04,137.02,138.56,135.64,135.86,1157468,136.86,145.10,145.10,150.69,139.51,-231.34,-0.85,150.26,135.86,65.0,100.0,98.39,98.6,0.00,135.86,,0.00,0,146.70,0.56
2021-10-05,135.88,138.18,134.58,137.86,1096523,136.52,144.69,144.69,150.71,138.67,-158.84,1.44,150.26,135.86,60.0,95.0,98.36,98.57,137.86,0.00,137.86,0.00,0,146.81,0.53
2021-10-06,136.78,136.78,133.70,135.18,1433257,136.47,144.40,144.40,151.03,137.77,-194.71,-1.18,150.26,135.18,55.0,100.0,98.33,98.6,0.00,135.18,,0.00,0,146.79,0.70
2021-10-07,137.00,137.76,135.80,137.76,1332132,137.71,144.12,144.12,151.07,137.18,-128.24,0.55,150.26,135.18,50.0,95.0,98.3,98.57,137.76,0.00,137.76,0.00,0,146.63,0.65
2021-10-08,137.90,138.48,136.78,137.66,989993,137.02,143.70,143.70,150.89,136.51,-117.53,-0.17,150.26,135.18,45.0,90.0,98.27,98.54,0.00,137.66,,0.00,0,146.32,0.48
2021-10-11,137.42,137.66,135.46,136.38,1120693,136.26,143.19,143.19,150.67,135.71,-127.52,-0.76,150.26,135.18,40.0,85.0,98.24,98.51,0.00,136.38,,0.00,0,145.84,0.54
2021-10-12,134.24,136.44,133.88,136.14,899223,136.51,142.61,142.61,150.23,134.98,-118.76,1.40,150.26,135.18,35.0,80.0,98.21,98.48,0.00,136.14,,0.00,0,145.19,0.44
2021-10-13,135.56,137.74,135.02,136.88,951485,138.97,142.12,142.12,149.81,134.42,-95.20,0.96,150.26,135.18,30.0,75.0,98.18,98.45,136.88,0.00,,0.00,0,144.40,0.46
2021-10-14,138.06,141.36,137.54,141.06,1147512,141.16,141.68,141.68,148.95,134.40,-11.91,2.13,150.26,135.18,25.0,70.0,98.15,98.42,141.06,0.00,,0.00,0,143.50,0.56
2021-10-15,140.00,141.26,139.10,141.26,1515476,140.56,141.27,141.27,148.07,134.47,-0.12,0.89,150.26,135.18,20.0,65.0,98.12,98.39,141.26,0.00,141.26,0.00,0,142.54,0.74
2021-10-18,141.00,141.08,138.92,139.86,885917,140.25,141.16,141.16,147.97,134.35,-26.73,-0.82,150.26,135.18,15.0,60.0,98.09,98.36,0.00,139.86,,0.00,0,141.57,0.43
2021-10-19,140.32,140.64,138.74,140.64,836644,141.37,140.89,140.89,147.51,134.27,-5.31,0.23,150.26,135.18,10.0,55.0,98.06,98.33,140.64,0.00,,0.00,0,140.64,0.41
2021-10-20,140.90,143.26,140.60,142.10,1024016,140.34,140.52,140.52,146.50,134.53,37.03,0.84,150.26,135.18,5.0,50.0,98.03,98.3,142.10,0.00,142.10,0.00,0,139.81,0.50
2021-10-21,140.94,140.94,137.90,138.58,1319336,139.07,139.93,139.93,145.01,134.86,-37.31,-1.70,147.96,135.18,0.0,45.0,98.0,98.27,0.00,138.58,,0.00,0,139.13,0.64
2021-10-22,138.56,140.30,137.94,139.56,1290616,139.29,139.51,139.51,143.84,135.18,1.55,0.72,147.28,135.18,0.0,40.0,98.0,98.24,139.56,0.00,139.56,0.00,0,138.63,0.63
2021-10-25,139.86,140.26,138.02,139.02,944151,140.19,139.10,139.10,142.59,135.61,-3.17,-0.60,143.42,135.18,0.0,35.0,98.0,98.21,0.00,139.02,,0.00,0,138.32,0.46
2021-10-26,139.36,141.88,139.16,141.36,924302,141.03,139.01,139.01,142.33,135.69,99.11,1.41,143.42,135.18,5.0,30.0,98.03,98.18,141.36,0.00,141.36,0.00,0,138.18,0.45
2021-10-27,140.70,143.44,140.24,140.70,1009471,140.27,138.87,138.87,141.92,135.83,83.96,0.00,142.10,135.18,0.0,25.0,98.0,98.15,0.00,140.70,,0.00,0,138.20,0.49
2021-10-28,139.90,140.42,138.94,139.84,1042999,140.06,138.77,138.77,141.67,135.87,51.73,-0.04,142.10,135.18,70.0,20.0,98.42,98.12,0.00,139.84,,0.00,0,138.36,0.51
2021-10-29,138.52,140.38,135.96,140.28,1787891,140.51,138.90,138.90,141.81,135.99,66.43,1.25,142.10,135.18,65.0,15.0,98.39,98.09,140.28,0.00,,0.00,0,138.59,0.87
2021-11-01,140.92,141.76,140.16,140.74,790979,142.87,139.14,139.14,141.93,136.36,80.34,-0.13,142.10,135.18,60.0,10.0,98.36,98.06,140.74,0.00,,0.00,0,138.87,0.38
2021-11-02,140.78,145.40,140.50,145.00,1442843,144.59,139.50,139.50,142.79,136.21,233.77,2.91,145.00,135.18,100.0,5.0,98.6,98.03,145.00,0.00,145.00,142.79,100.0,139.16,0.70
2021-11-03,144.82,145.28,143.58,144.18,1036270,145.06,139.95,139.95,143.23,136.67,180.48,-0.44,145.00,136.14,95.0,0.0,98.57,98.0,0.00,144.18,,0.00,0,139.44,0.50
2021-11-04,144.00,146.56,143.56,145.94,1185878,145.76,140.36,140.36,144.05,136.67,211.66,1.33,145.94,136.14,100.0,15.0,98.6,98.09,145.94,0.00,145.94,0.00,100.0,139.69,0.58
2021-11-05,145.00,145.82,143.12,145.58,1347564,145.87,140.76,140.76,144.67,136.84,172.33,0.40,145.94,136.14,95.0,10.0,98.57,98.06,0.00,145.58,,0.00,0,139.92,0.66
2021-11-08,144.58,146.74,144.50,146.16,991558,145.93,141.24,141.24,145.23,137.26,172.54,1.08,146.16,136.14,100.0,5.0,98.6,98.03,146.16,0.00,146.16,0.00,100.0,140.13,0.48
2021-11-09,145.58,147.40,145.44,145.70,954116,146.33,141.72,141.72,145.57,137.87,144.76,0.08,146.16,136.88,95.0,0.0,98.57,98.0,0.00,145.70,,0.00,0,140.34,0.46
2021-11-10,145.80,147.10,145.52,146.96,936384,149.06,142.23,142.23,146.06,138.39,172.93,0.79,146.96,138.58,100.0,0.0,98.6,98.0,146.96,0.00,,0.00,100.0,140.58,0.46
2021-11-11,147.74,152.42,145.70,151.16,2613160,149.78,142.73,142.73,147.45,138.01,250.14,2.26,151.16,138.58,100.0,25.0,98.6,98.15,151.16,0.00,151.16,0.00,100.0,140.86,1.27
2021-11-12,151.06,151.30,147.20,148.40,1992870,149.23,143.09,143.09,148.10,138.08,148.49,-1.79,151.16,138.58,95.0,20.0,98.57,98.12,0.00,148.40,,0.00,0,141.22,0.97
2021-11-15,146.48,150.16,145.20,150.06,1347215,151.83,143.60,143.60,148.94,138.26,169.50,2.39,151.16,138.58,90.0,15.0,98.54,98.09,150.06,0.00,,0.00,0,141.65,0.66
2021-11-16,150.40,153.64,149.80,153.60,1346353,154.17,144.25,144.25,150.33,138.16,215.18,2.08,153.60,138.58,100.0,10.0,98.6,98.06,153.60,0.00,,0.00,100.0,142.16,0.65
2021-11-17,154.02,156.56,153.24,154.74,1388998,154.79,144.88,144.88,151.74,138.02,201.18,0.47,154.74,138.58,100.0,5.0,98.6,98.03,154.74,0.00,,0.00,100.0,142.74,0.68
2021-11-18,155.06,156.14,154.80,154.84,1192685,155.02,145.69,145.69,152.89,138.49,177.83,-0.14,154.84,139.02,100.0,0.0,98.6,98.0,154.84,0.00,,0.00,100.0,143.40,0.58
2021-11-19,155.28,156.64,154.06,155.20,2542424,155.56,146.47,146.47,153.96,138.99,163.17,-0.05,155.20,139.02,100.0,5.0,98.6,98.03,155.20,0.00,,0.00,100.0,144.12,1.24
2021-11-22,154.88,156.98,154.54,155.92,1145768,154.63,147.32,147.32,154.94,139.70,158.03,0.67,155.92,139.84,100.0,0.0,98.6,98.0,155.92,0.00,155.92,0.00,100.0,144.88,0.56
2021-11-23,154.90,155.58,152.84,153.34,1273420,152.64,147.92,147.92,155.49,140.34,100.20,-1.02,155.92,139.84,95.0,10.0,98.57,98.06,0.00,153.34,,-155.49,0,145.69,0.62
2021-11-24,153.44,154.76,151.12,151.94,1199998,152.76,148.48,148.48,155.76,141.20,66.52,-0.99,155.92,139.84,90.0,5.0,98.54,98.03,0.00,151.94,,0.00,0,146.53,0.58
2021-11-25,153.00,154.00,152.48,153.58,799414,149.41,149.17,149.17,156.03,142.31,90.07,0.38,155.92,140.28,85.0,0.0,98.51,98.0,153.58,0.00,153.58,0.00,0,147.40,0.39
2021-11-26,148.86,149.54,145.24,145.24,2713204,144.90,149.41,149.41,155.77,143.06,-91.95,-2.49,155.92,140.74,80.0,0.0,98.48,98.0,0.00,145.24,,0.00,0,148.28,1.32
2021-11-29,147.22,148.14,143.62,144.56,1624422,142.92,149.61,149.61,155.52,143.69,-119.42,-1.84,155.92,144.18,75.0,0.0,98.45,98.0,0.00,144.56,,0.00,0,149.15,0.79
2021-11-30,142.88,143.84,140.24,141.28,4683666,144.65,149.42,149.42,155.73,143.10,-180.46,-1.13,155.92,141.28,70.0,100.0,98.42,98.6,0.00,141.28,,0.00,0,149.96,2.28
2021-12-01,142.70,148.34,142.40,148.02,1553916,147.91,149.61,149.61,155.71,143.51,-36.54,3.59,155.92,141.28,65.0,95.0,98.39,98.57,148.02,0.00,148.02,0.00,0,150.69,0.76
2021-12-02,145.76,148.12,145.18,147.80,1741274,147.17,149.70,149.70,155.71,143.70,-44.37,1.38,155.92,141.28,60.0,90.0,98.36,98.54,0.00,147.80,,0.00,0,151.29,0.85
2021-12-03,149.90,150.20,146.00,146.54,1780441,147.94,149.75,149.75,155.70,143.80,-75.61,-2.29,155.92,141.28,55.0,85.0,98.33,98.51,0.00,146.54,,0.00,0,151.72,0.87
2021-12-06,147.90,149.66,145.78,149.34,1343273,149.34,149.91,149.91,155.74,144.08,-13.71,0.96,155.92,141.28,50.0,80.0,98.3,98.48,149.34,0.00,149.34,0.00,0,151.93,0.65
2021-12-07,149.34,149.34,149.34,149.34,0,150.47,150.09,150.09,155.76,144.42,-18.60,0.00,155.92,141.28,45.0,75.0,98.27,98.45,0.00,0.00,,0.00,0,151.92,0.00
2021-12-08,153.34,154.70,151.52,151.60,1229100,151.31,150.32,150.32,155.92,144.73,31.93,-1.15,155.92,141.28,40.0,70.0,98.24,98.42,151.60,0.00,151.60,0.00,0,151.69,0.60
2021-12-09,152.18,152.88,150.20,151.02,800581,151.03,150.32,150.32,155.91,144.73,17.59,-0.77,155.92,141.28,35.0,65.0,98.21,98.39,0.00,151.02,,0.00,0,151.28,0.39
2021-12-10,149.70,151.56,149.60,151.04,955827,150.80,150.45,150.45,156.01,144.89,14.87,0.89,155.92,141.28,30.0,60.0,98.18,98.36,151.04,0.00,151.04,0.00,0,150.73,0.46
2021-12-13,151.20,153.58,150.06,150.56,1162994,148.94,150.47,150.47,156.03,144.92,2.14,-0.43,155.92,141.28,25.0,55.0,98.15,98.33,0.00,150.56,,0.00,0,150.13,0.57
2021-12-14,151.08,152.48,147.18,147.32,1105963,147.94,150.16,150.16,155.70,144.62,-71.82,-2.55,155.92,141.28,20.0,50.0,98.12,98.3,0.00,147.32,,0.00,0,149.53,0.54
2021-12-15,148.52,149.30,147.96,148.56,886773,149.28,149.85,149.85,155.20,144.51,-33.84,0.03,155.92,141.28,15.0,45.0,98.09,98.27,148.56,0.00,,0.00,0,149.01,0.43
2021-12-16,151.40,152.22,149.66,150.00,1580290,148.95,149.61,149.61,154.70,144.52,10.73,-0.93,155.92,141.28,10.0,40.0,98.06,98.24,150.00,0.00,150.00,0.00,0,148.63,0.77
2021-12-17,149.50,150.04,147.12,147.90,2836145,146.29,149.24,149.24,154.01,144.48,-39.53,-1.08,155.92,141.28,5.0,35.0,98.03,98.21,0.00,147.90,,0.00,0,148.41,1.38
2021-12-20,144.90,145.70,141.18,144.68,1436804,145.63,148.68,148.68,153.11,144.26,-126.62,-0.15,153.58,141.28,0.0,30.0,98.0,98.18,0.00,144.68,,0.00,0,148.34,0.70
2021-12-21,145.90,146.68,144.16,146.58,795532,147.11,148.34,148.34,152.54,144.15,-58.94,0.46,153.58,141.28,10.0,25.0,98.06,98.15,146.58,0.00,,0.00,0,148.40,0.39
2021-12-22,146.80,147.78,145.84,147.64,612214,148.93,148.13,148.13,152.15,144.11,-17.05,0.57,153.58,141.28,5.0,20.0,98.03,98.12,147.64,0.00,,0.00,0,148.55,0.30
2021-12-23,148.40,150.22,148.16,150.22,795339,150.51,147.96,147.96,151.64,144.28,85.96,1.21,151.60,141.28,0.0,15.0,98.0,98.09,150.22,0.00,,0.00,0,148.74,0.39
2021-12-27,149.24,151.06,149.24,150.80,482423,151.81,148.24,148.24,151.90,144.58,97.79,1.03,151.60,141.28,40.0,10.0,98.24,98.06,150.80,0.00,,0.00,0,148.92,0.23
2021-12-28,151.14,153.06,150.40,152.82,581094,152.30,148.65,148.65,152.37,144.93,156.78,1.10,152.82,141.28,100.0,5.0,98.6,98.03,152.82,0.00,152.82,152.37,100.0,149.04,0.28
2021-12-29,152.56,152.76,151.20,151.78,687999,152.23,149.18,149.18,152.12,146.23,123.65,-0.51,152.82,144.68,95.0,0.0,98.57,98.0,0.00,151.78,,-152.12,0,149.09,0.33
2021-12-30,151.18,152.68,150.94,152.68,881579,153.20,149.41,149.41,152.52,146.30,147.00,0.98,152.82,144.68,90.0,65.0,98.54,98.39,152.68,0.00,,152.52,0,149.07,0.43
2022-01-03,151.82,154.74,151.80,153.72,1046860,154.57,149.71,149.71,153.05,146.37,168.17,1.24,153.72,144.68,100.0,60.0,98.6,98.36,153.72,0.00,,0.00,100.0,149.01,0.51
2022-01-04,154.32,156.82,153.40,155.42,1007543,156.69,150.15,150.15,153.77,146.53,203.92,0.71,155.42,144.68,100.0,55.0,98.6,98.33,155.42,0.00,,0.00,100.0,148.94,0.49
2022-01-05,155.08,157.96,155.08,157.96,1177455,156.06,150.58,150.58,154.93,146.23,237.44,1.82,157.96,144.68,100.0,50.0,98.6,98.3,157.96,0.00,157.96,0.00,100.0,148.90,0.57
2022-01-06,155.40,155.94,153.62,154.16,1326484,153.16,150.82,150.82,155.29,146.35,104.55,-0.80,157.96,144.68,95.0,45.0,98.57,98.27,0.00,154.16,,-155.29,0,148.93,0.64
2022-01-07,153.62,154.12,151.24,152.16,1215325,150.02,150.85,150.85,155.33,146.37,40.89,-0.96,157.96,144.68,90.0,40.0,98.54,98.24,0.00,152.16,,0.00,0,149.06,0.59
2022-01-10,152.08,152.26,147.18,147.88,1305887,149.09,150.69,150.69,155.27,146.12,-86.08,-2.84,157.96,144.68,85.0,35.0,98.51,98.21,0.00,147.88,,0.00,0,149.31,0.63
2022-01-11,148.72,150.76,148.52,150.30,1286177,151.26,150.66,150.66,155.23,146.08,-10.92,1.05,157.96,144.68,80.0,30.0,98.48,98.18,150.30,0.00,,0.00,0,149.67,0.63
2022-01-12,152.00,153.34,151.26,152.22,1008710,151.86,150.74,150.74,155.34,146.14,45.02,0.14,157.96,144.68,75.0,25.0,98.45,98.15,152.22,0.00,152.22,0.00,0,150.13,0.49
2022-01-13,152.26,152.84,149.72,151.50,1252962,148.68,150.95,150.95,155.41,146.48,17.27,-0.50,157.96,144.68,70.0,20.0,98.42,98.12,0.00,151.50,,0.00,0,150.65,0.61
2022-01-14,149.82,150.20,145.60,145.86,1778749,145.93,150.81,150.81,155.50,146.12,-147.90,-2.71,157.96,144.68,65.0,15.0,98.39,98.09,0.00,145.86,,0.00,0,151.18,0.86
2022-01-17,147.12,147.74,145.78,146.00,1229918,144.30,150.61,150.61,155.54,145.69,-131.23,-0.77,157.96,144.68,60.0,10.0,98.36,98.06,146.00,0.00,146.00,0.00,0,151.67,0.60
2022-01-18,145.50,145.68,142.46,142.60,1669909,143.47,150.35,150.35,155.82,144.88,-198.23,-2.03,157.96,142.60,55.0,100.0,98.33,98.6,0.00,142.60,,0.00,0,152.06,0.81
2022-01-19,141.80,145.30,141.02,144.34,1395792,145.62,150.33,150.33,155.84,144.82,-152.25,1.76,157.96,142.60,50.0,95.0,98.3,98.57,144.34,0.00,,0.00,0,152.32,0.68
2022-01-20,144.76,147.20,143.70,146.90,1225529,145.71,150.35,150.35,155.84,144.86,-87.95,1.46,157.96,142.60,45.0,90.0,98.27,98.54,146.90,0.00,146.90,0.00,0,152.42,0.60
2022-01-21,146.00,146.34,142.84,144.52,2280108,140.98,150.19,150.19,155.92,144.46,-138.61,-1.02,157.96,142.60,40.0,85.0,98.24,98.51,0.00,144.52,,0.00,0,152.33,1.11
2022-01-24,143.04,144.60,136.56,137.44,2251036,137.98,149.55,149.55,156.54,142.57,-242.88,-4.07,157.96,137.44,35.0,100.0,98.21,98.6,0.00,137.44,,0.00,0,152.05,1.09
2022-01-25,139.26,139.38,136.18,138.52,2152028,139.88,148.94,148.94,156.71,141.17,-187.73,-0.53,157.96,137.44,30.0,95.0,98.18,98.57,138.52,0.00,,0.00,0,151.59,1.05
2022-01-26,139.80,142.90,139.50,141.24,1638047,140.87,148.36,148.36,156.37,140.35,-124.37,1.02,157.96,137.44,25.0,90.0,98.15,98.54,141.24,0.00,141.24,0.00,0,150.97,0.80
2022-01-27,137.82,141.30,137.42,140.50,1765461,137.51,147.80,147.80,156.09,139.50,-123.19,1.91,157.96,137.44,20.0,85.0,98.12,98.51,0.00,140.50,,0.00,0,150.23,0.86
2022-01-28,135.82,136.95,133.06,134.52,1796990,135.26,146.89,146.89,155.99,137.79,-190.38,-0.97,157.96,134.52,15.0,100.0,98.09,98.6,0.00,134.52,,0.00,0,149.39,0.87
2022-01-31,136.09,138.09,135.14,136.01,2021418,136.53,146.00,146.00,155.41,136.59,-148.62,-0.06,157.96,134.52,10.0,95.0,98.06,98.57,136.01,0.00,,0.00,0,148.47,0.98
2022-02-01,137.28,138.99,137.04,137.04,1438399,136.84,145.08,145.08,154.35,135.81,-121.42,-0.17,157.96,134.52,5.0,90.0,98.03,98.54,137.04,0.00,137.04,0.00,0,147.49,0.70
2022-02-02,137.82,138.48,136.64,136.64,1235051,134.84,144.02,144.02,152.61,135.42,-120.27,-0.87,154.16,134.52,0.0,85.0,98.0,98.51,0.00,136.64,,0.00,0,146.48,0.60
2022-02-03,135.72,135.93,132.90,133.04,2365611,131.10,142.96,142.96,151.53,134.40,-162.19,-2.02,152.22,133.04,0.0,100.0,98.0,98.6,0.00,133.04,,0.00,0,145.46,1.15
2022-02-04,133.70,134.17,129.17,129.17,2608518,130.51,141.81,141.81,150.84,132.78,-196.03,-3.51,152.22,129.17,15.0,100.0,98.09,98.6,0.00,129.17,,0.00,0,144.45,1.27
2022-02-07,130.35,132.30,129.60,131.85,1461680,132.34,141.01,141.01,150.32,131.70,-137.75,1.14,152.22,129.17,10.0,95.0,98.06,98.57,131.85,0.00,,0.00,0,143.43,0.71
2022-02-08,132.61,133.87,132.10,132.82,1494552,133.58,140.14,140.14,149.25,131.02,-112.31,0.16,152.22,129.17,5.0,90.0,98.03,98.54,132.82,0.00,,0.00,0,142.40,0.73
2022-02-09,133.08,135.72,132.94,134.34,1644081,137.51,139.24,139.24,147.60,130.88,-82.12,0.94,151.50,129.17,0.0,85.0,98.0,98.51,134.34,0.00,,0.00,0,141.39,0.80
2022-02-10,143.91,145.13,140.56,140.68,3748849,141.06,138.70,138.70,146.05,131.36,37.71,-2.29,146.90,129.17,0.0,80.0,98.0,98.48,140.68,0.00,,0.00,0,140.41,1.82
2022-02-11,140.68,143.80,140.04,141.44,2551379,140.47,138.48,138.48,145.50,131.46,58.99,0.54,146.90,129.17,20.0,75.0,98.12,98.45,141.44,0.00,141.44,0.00,0,139.46,1.24
2022-02-14,137.96,140.88,135.06,139.50,2760118,141.45,138.16,138.16,144.74,131.57,28.58,1.10,146.90,129.17,15.0,70.0,98.09,98.42,0.00,139.50,,0.00,0,138.54,1.34
2022-02-15,139.00,143.60,138.64,143.40,2214381,142.97,138.20,138.20,144.84,131.55,109.61,3.07,146.90,129.17,10.0,65.0,98.06,98.39,143.40,0.00,143.40,0.00,0,137.70,1.08
2022-02-16,143.02,144.98,141.90,142.54,1637099,141.02,138.11,138.11,144.60,131.61,95.54,-0.34,146.90,129.17,5.0,60.0,98.03,98.36,0.00,142.54,,0.00,0,136.96,0.80
2022-02-17,142.46,143.46,138.96,139.50,1826865,137.92,137.74,137.74,143.58,131.89,42.26,-2.12,144.52,129.17,0.0,55.0,98.0,98.33,0.00,139.50,,0.00,0,136.37,0.89
2022-02-18,139.38,139.68,135.28,136.34,2053589,134.96,137.33,137.33,142.74,131.92,-25.52,-2.23,143.40,129.17,0.0,50.0,98.0,98.3,0.00,136.34,,0.00,0,135.95,1.00
2022-02-21,137.72,138.28,131.68,133.58,1875255,132.81,137.13,137.13,142.67,131.60,-89.86,-3.10,143.40,129.17,80.0,45.0,98.48,98.27,0.00,133.58,,0.00,0,135.73,0.91
2022-02-22,129.00,133.64,127.80,132.04,2664909,131.79,136.81,136.81,142.55,131.07,-116.39,2.30,143.40,129.17,75.0,40.0,98.45,98.24,0.00,132.04,,0.00,0,135.70,1.30
2022-02-23,131.90,134.68,131.18,131.54,1739253,127.86,136.32,136.32,142.09,130.56,-116.14,-0.27,143.40,129.17,70.0,35.0,98.42,98.21,0.00,131.54,,0.00,0,135.86,0.85
2022-02-24,123.24,126.30,120.84,124.18,5173306,126.95,135.51,135.51,142.24,128.78,-235.63,0.76,143.40,124.18,65.0,100.0,98.39,98.6,0.00,124.18,,0.00,0,136.18,2.52
2022-02-25,125.24,129.72,123.38,129.72,3418900,128.19,135.27,135.27,142.24,128.30,-111.50,3.45,143.40,124.18,60.0,95.0,98.36,98.57,129.72,0.00,129.72,0.00,0,136.56,1.66
2022-02-28,125.90,127.38,123.34,126.66,2992904,123.56,134.80,134.80,142.26,127.34,-152.74,0.60,143.40,124.18,55.0,90.0,98.33,98.54,0.00,126.66,,0.00,0,136.94,1.46
2022-03-01,125.00,126.36,120.46,120.46,3010657,122.13,133.97,133.97,142.63,125.31,-218.49,-3.77,143.40,120.46,50.0,100.0,98.3,98.6,0.00,120.46,,0.00,0,137.22,1.46
2022-03-02,118.28,125.38,117.04,123.80,2987823,122.71,133.33,133.33,142.50,124.16,-145.53,4.46,143.40,120.46,45.0,95.0,98.27,98.57,123.80,0.00,123.80,0.00,0,137.31,1.45
2022-03-03,124.34,125.64,121.10,121.62,1956787,117.42,132.76,132.76,142.63,122.88,-157.93,-2.24,143.40,120.46,40.0,90.0,98.24,98.54,0.00,121.62,,0.00,0,137.16,0.95
2022-03-04,119.52,120.74,113.00,113.22,3624203,113.50,131.96,131.96,143.55,120.38,-226.45,-5.56,143.40,113.22,35.0,100.0,98.21,98.6,0.00,113.22,,0.00,0,136.71,1.76
2022-03-07,107.90,116.60,105.92,113.78,4550094,114.64,131.06,131.06,143.97,118.15,-187.37,5.17,143.40,113.22,30.0,95.0,98.18,98.57,113.78,0.00,,0.00,0,135.95,2.21
2022-03-08,111.38,118.50,111.38,115.50,3811520,121.61,130.19,130.19,143.97,116.42,-149.31,3.57,143.40,113.22,25.0,90.0,98.15,98.54,115.50,0.00,,0.00,0,134.90,1.85
2022-03-09,120.26,127.72,118.88,127.72,4704208,125.40,129.86,129.86,143.59,116.14,-21.84,5.84,143.40,113.22,20.0,85.0,98.12,98.51,127.72,0.00,127.72,0.00,0,133.60,2.29
2022-03-10,126.60,127.22,122.00,123.08,2759502,125.18,128.98,128.98,142.38,115.58,-61.67,-2.86,143.40,113.22,15.0,80.0,98.09,98.48,0.00,123.08,,0.00,0,132.11,1.34
2022-03-11,123.74,129.92,123.16,127.28,3258566,128.22,128.27,128.27,141.03,115.52,-10.90,2.78,143.40,113.22,10.0,75.0,98.06,98.45,127.28,0.00,,0.00,0,130.51,1.58
2022-03-14,129.68,132.40,128.20,129.16,2310944,128.76,127.76,127.76,139.97,115.54,16.09,-0.40,143.40,113.22,5.0,70.0,98.03,98.42,129.16,0.00,129.16,0.00,0,128.87,1.12
2022-03-15,127.50,129.24,124.80,128.36,2142367,132.30,127.00,127.00,138.09,115.92,17.13,0.67,142.54,113.22,0.0,65.0,98.0,98.39,0.00,128.36,,0.00,0,127.27,1.04
2022-03-16,132.62,136.42,130.34,136.24,3115941,135.39,126.69,126.69,137.01,116.37,129.53,2.66,139.50,113.22,0.0,60.0,98.0,98.36,136.24,0.00,136.24,0.00,0,125.81,1.51
2022-03-17,136.30,138.08,132.44,134.54,1998509,135.29,126.44,126.44,136.23,116.65,115.80,-1.31,136.34,113.22,0.0,55.0,98.0,98.33,0.00,134.54,,0.00,0,124.55,0.97
2022-03-18,136.02,136.28,132.18,136.04,4267580,134.56,126.43,126.43,136.19,116.67,137.90,0.01,136.24,113.22,0.0,50.0,98.0,98.3,136.04,0.00,136.04,0.00,0,123.58,2.07
2022-03-21,135.60,136.18,131.90,133.08,1705760,133.14,126.40,126.40,136.12,116.68,96.16,-1.89,136.24,113.22,85.0,45.0,98.51,98.27,0.00,133.08,,0.00,0,122.94,0.83
2022-03-22,132.78,134.86,132.56,133.20,1626654,132.10,126.46,126.46,136.26,116.66,96.30,0.32,136.24,113.22,80.0,40.0,98.48,98.24,133.20,0.00,133.20,0.00,0,122.68,0.79
2022-03-23,133.08,134.06,129.38,131.00,1620694,130.56,126.43,126.43,136.20,116.66,65.44,-1.59,136.24,113.22,75.0,35.0,98.45,98.21,0.00,131.00,,0.00,0,122.81,0.79
2022-03-24,131.08,131.72,129.52,130.12,1723026,129.25,126.73,126.73,136.54,116.92,48.40,-0.74,136.24,113.22,70.0,30.0,98.42,98.18,0.00,130.12,,0.00,0,123.31,0.84
2022-03-25,130.18,130.70,127.32,128.38,1379779,128.79,126.66,126.66,136.44,116.89,24.61,-1.40,136.24,113.22,65.0,25.0,98.39,98.15,0.00,128.38,,0.00,0,124.14,0.67
2022-03-28,128.40,132.10,128.40,129.20,1708571,131.83,126.79,126.79,136.60,116.98,34.42,0.62,136.24,113.22,60.0,20.0,98.36,98.12,129.20,0.00,,0.00,0,125.20,0.83
2022-03-29,131.24,135.56,130.94,134.46,1730002,132.24,127.49,127.49,137.34,117.64,99.04,2.39,136.24,113.22,55.0,15.0,98.33,98.09,134.46,0.00,134.46,0.00,0,126.39,0.84
2022-03-30,133.02,133.58,129.68,130.02,1594768,127.84,127.80,127.80,137.61,117.99,31.69,-2.31,136.24,113.22,50.0,10.0,98.3,98.06,0.00,130.02,,0.00,0,127.62,0.78
2022-03-31,131.06,131.70,125.66,125.66,2432448,127.84,128.00,128.00,137.63,118.38,-34.07,-4.30,136.24,113.22,45.0,5.0,98.27,98.03,0.00,125.66,,0.00,0,128.79,1.18
2022-04-01,126.36,127.00,125.10,126.70,1442314,126.18,128.68,128.68,137.00,120.35,-33.23,0.27,136.24,113.78,40.0,0.0,98.24,98.0,126.70,0.00,,0.00,0,129.79,0.70
